app_id,app_name,reviewId,userName,score,content,thumbsUpCount,at
com.feraset.ainote,AI Note Taker - Meeting Notes,c78eba95-ef73-4827-aad6-e26544ad1796,Jason Brenner,1,subscription required. deleted app.,0,2026-02-13 00:33:27
com.feraset.ainote,AI Note Taker - Meeting Notes,ee31ae19-eb73-493d-a428-dcb4ea5f1e05,Shabbir Ahmad,5,good,0,2026-02-10 08:48:43
com.feraset.ainote,AI Note Taker - Meeting Notes,ddc28ea3-be9d-43bc-bdf4-5a2ed8ba88e9,Othman Abushah,5,good acceptable quality,0,2026-02-08 02:46:37
com.feraset.ainote,AI Note Taker - Meeting Notes,06086ecb-3042-411e-bba6-47fc32c01f37,Awat Moses (Otoli),5,Great appreciate it,0,2026-01-21 11:08:34
com.feraset.ainote,AI Note Taker - Meeting Notes,7d8b716b-a70d-486a-8eaf-9e54a3c4bb29,Kev kevvins,5,wonderful,0,2026-01-10 22:20:58
com.feraset.ainote,AI Note Taker - Meeting Notes,e42b6496-acdb-433b-b88e-2123a06a2b82,Ann Marie Smith,2,app crashes when I try to save audio. I keep getting an error message and I lose my audio recording,0,2026-01-04 04:26:08
com.feraset.ainote,AI Note Taker - Meeting Notes,0456ef87-db5c-4dbf-95f4-a4a3e083cc6e,Wilfred Susulu,1,happy to joint this apps,0,2025-11-20 02:59:08
com.feraset.ainote,AI Note Taker - Meeting Notes,a2f0e30e-541c-4bf5-913e-4806d4c73ebe,Mwimba Mutale,1,It logged out and did not even record anything. Even after trying the trial before payment is made.,0,2025-11-12 17:02:37
com.feraset.ainote,AI Note Taker - Meeting Notes,bcc29b76-23c1-4057-a71d-196319b87cf2,Banquo Jo'burg,5,nice one,0,2025-11-05 10:57:30
com.feraset.ainote,AI Note Taker - Meeting Notes,f2ed6ea0-5061-47c1-8dda-d7f030036392,Uwaechina chidera,5,I love this app,0,2025-10-27 12:00:52
com.feraset.ainote,AI Note Taker - Meeting Notes,1c0d8328-3c2e-4b80-9cd7-50ccbd0237c6,The Animator Composer,1,it lags man. scam!,0,2025-10-25 12:13:16
com.feraset.ainote,AI Note Taker - Meeting Notes,1634cf52-731f-42b1-a206-da3b082144e7,Muhammad,4,nice app,0,2025-10-24 15:24:57
com.feraset.ainote,AI Note Taker - Meeting Notes,7dea6258-1abc-4050-a8ae-117e98278b57,David Warner,5,Good,0,2025-10-23 17:43:51
com.feraset.ainote,AI Note Taker - Meeting Notes,16807ec4-7ba2-48d6-868d-daac3007eab0,Jacob Gongden,5,Fantastic,0,2025-10-13 14:01:35
com.feraset.ainote,AI Note Taker - Meeting Notes,6d989b99-be26-438e-a0da-8a9954b0ef5a,Boniface Wanyonyi,4,"A very good, reliable and easy to use app.",4,2025-10-06 14:05:22
com.feraset.ainote,AI Note Taker - Meeting Notes,f28bfa3c-a1b1-4b6e-8499-73950ef87085,Amb. Amadi Good,5,well done,0,2025-09-27 03:35:50
com.feraset.ainote,AI Note Taker - Meeting Notes,804e9ade-a9e5-4d31-88ce-ebe06bec8ee2,Alhaji Ahmadu osman Jerry martin tee,5,great 👍,0,2025-08-22 02:52:58
com.feraset.ainote,AI Note Taker - Meeting Notes,231d62e6-8857-48ec-9308-15ff9b842132,Isaac Dickson,5,grate app,0,2025-08-20 07:34:26
com.feraset.ainote,AI Note Taker - Meeting Notes,97a2b47b-f37b-4b52-8da5-78d140bc6c85,Ngozi Blessing,5,nice app,0,2025-08-19 19:19:00
com.feraset.ainote,AI Note Taker - Meeting Notes,53ec368f-ae34-4fc9-b91e-388def100f4b,MariaDivine Santos,1,I need to pay just to access,0,2025-08-17 15:24:49
com.feraset.ainote,AI Note Taker - Meeting Notes,57b42d62-da5b-4228-9cfa-d3ed3987d31b,Hony Rose C.abalquinto Sansolis,5,so nice,0,2025-08-13 15:16:10
com.feraset.ainote,AI Note Taker - Meeting Notes,ac13c464-c059-4ed1-9cdc-8dee3c40300e,Brandon Griffin,5,great so far,0,2025-08-11 13:47:03
com.feraset.ainote,AI Note Taker - Meeting Notes,6551c03a-a3f5-47c4-bc2c-56679f01e8e8,Ukeme Essien,5,it reasonable,0,2025-08-05 05:36:38
com.feraset.ainote,AI Note Taker - Meeting Notes,5ae91dd0-4018-4a88-9e88-4e749d76f51e,marcnathan fernandez,5,it's so good,0,2025-07-29 13:00:49
com.feraset.ainote,AI Note Taker - Meeting Notes,fe6290de-91df-40ce-95a8-adf2e48a7d18,juniorsakui KONNY,5,fantastic,0,2025-07-29 05:04:04
com.feraset.ainote,AI Note Taker - Meeting Notes,444911fd-566c-43bf-be44-7c9bcec067ef,MURNIZA YUNUS,5,not free,0,2025-07-16 02:24:58
com.feraset.ainote,AI Note Taker - Meeting Notes,513e9cfb-86f1-49c8-90bc-b2bcdbf81cbd,Abram Mafunko,5,The app is excellent,0,2025-07-08 04:51:15
com.feraset.ainote,AI Note Taker - Meeting Notes,9cebf3c1-9824-46f0-abb8-370a5a89c6c8,Maria Fátima Pereira Guterres,2,this apps is not working as expected. I can not make my note,0,2025-06-18 01:28:08
com.feraset.ainote,AI Note Taker - Meeting Notes,daab336e-0738-40dd-b0f2-8b764d9e7b30,isaac duah,5,nice,0,2025-06-12 22:06:09
com.feraset.ainote,AI Note Taker - Meeting Notes,028a6671-b94c-4550-8ecb-39c952d18b9b,Samira Seenu,1,sabse bakwaas aur waariat app don't download it .,0,2025-06-03 15:47:05
com.feraset.ainote,AI Note Taker - Meeting Notes,de070e85-bb2f-4e0c-b584-8ae19da9233e,Kevin Hind,5,brilliant 👏 👏 👏,0,2025-06-01 21:14:06
com.feraset.ainote,AI Note Taker - Meeting Notes,23626d5f-060e-4e33-8be3-89d4cabdb86c,ASHUTOSH KUMAR YADAV VI-A,4,👍,0,2025-06-01 20:13:20
com.feraset.ainote,AI Note Taker - Meeting Notes,8aeeb6ca-8174-4348-8b7b-7ceeb8199eb6,Ghiloufi Marwa,5,nice application,0,2025-06-01 13:22:30
com.feraset.ainote,AI Note Taker - Meeting Notes,7e8c8ef1-52de-4704-8de6-102764688775,Jameila Anderson,4,I don't like when I pay on other AI app because I don't have it,7,2025-05-16 13:07:06
com.feraset.ainote,AI Note Taker - Meeting Notes,4f85c67e-ee20-4bb7-9246-3d2a3b79e98a,kshama gupta vishwakarma,4,good,0,2025-05-14 18:26:19
com.feraset.ainote,AI Note Taker - Meeting Notes,6bb4b1d7-0d0d-497f-975d-85456d75ec54,Mo Hosein Habibi,1,something went wrong when I tied to test it,0,2025-05-11 20:18:41
com.feraset.ainote,AI Note Taker - Meeting Notes,890af071-5ba9-452f-9934-101aa6538acc,Owam Resha,1,I can't find my recodings,0,2025-05-07 10:58:36
com.feraset.ainote,AI Note Taker - Meeting Notes,97b7c1e2-5033-486a-921e-fdf1d899b85a,Ronaldo Salentes,5,good job,0,2025-05-06 09:32:04
com.feraset.ainote,AI Note Taker - Meeting Notes,2f7a65ad-4dca-4ae2-a956-144a29d91998,Jeremy Haskins,1,it fails more often then it works and when you contact support no one responds at all. waist of money.,4,2025-04-24 21:44:59
com.feraset.ainote,AI Note Taker - Meeting Notes,5bc12c21-43d3-4591-af61-25e32aa9126e,Gaurav Kumar,5,Excellent,0,2025-04-17 18:29:40
com.feraset.ainote,AI Note Taker - Meeting Notes,f8d900e9-1048-49a6-b021-c7b4ef1ffef3,Naveenal Sj,5,good,0,2025-04-17 15:13:47
com.feraset.ainote,AI Note Taker - Meeting Notes,8105abb1-c9d1-494b-994e-e17fd2f1576b,Maira Sheikh,5,Excellent 👍,0,2025-04-17 10:44:56
com.feraset.ainote,AI Note Taker - Meeting Notes,b5a2b323-5934-4217-9504-0298dd4fc129,Ndukwe Ude,5,great.,0,2025-04-14 16:06:33
com.feraset.ainote,AI Note Taker - Meeting Notes,6d103e69-1a9d-480d-95b0-506e0c229538,Cecilia Adajio,5,ok,0,2025-04-10 02:30:41
com.feraset.ainote,AI Note Taker - Meeting Notes,d8000ae6-fdc1-450b-8cef-e334b5b82d24,Dr Seth Wetoyi Adams,4,It's very good 👍,1,2025-04-06 15:47:33
com.feraset.ainote,AI Note Taker - Meeting Notes,be673170-f7c0-4f99-a426-a3b36f225f28,SAMSON EZEKIEL,1,"I have to pay before even giving it a trial,yet they want me to rate them 5stars",5,2025-03-25 08:05:22
com.feraset.ainote,AI Note Taker - Meeting Notes,1a4e66e0-d662-4c05-8335-58255039f7b2,Philemon Missian,1,Great app to use,0,2025-03-24 03:54:43
com.feraset.ainote,AI Note Taker - Meeting Notes,e3d24a37-744b-4a9b-993e-11fb29ecc99d,anant pandey,5,good,0,2025-03-21 06:23:06
com.feraset.ainote,AI Note Taker - Meeting Notes,e6c31463-61a3-4284-89f8-b5b6ec8dcd53,Ztr Hs,1,Always about money,0,2025-03-17 10:15:10
com.feraset.ainote,AI Note Taker - Meeting Notes,b06da59c-a158-49e6-9bf6-889899d0bd46,hyacinth Okafor,5,it's quite innovative,1,2025-03-15 07:39:44
com.feraset.ainote,AI Note Taker - Meeting Notes,190cadce-28c0-474f-ab13-0eafc846522a,Patrick Jay Marinas,5,thank you,5,2025-03-12 05:30:01
com.feraset.ainote,AI Note Taker - Meeting Notes,34b02724-4f14-4c42-8893-feebfb915255,Anna Achangwo,5,"so excellent, and I would like to inform my friends about the app.",10,2025-03-09 11:09:46
com.feraset.ainote,AI Note Taker - Meeting Notes,7ebfb0f7-b7e8-4a2a-95c3-8108b28f27e7,Lindburgh Thompson,2,like it,0,2025-03-07 18:16:34
com.feraset.ainote,AI Note Taker - Meeting Notes,47b07580-081a-4c50-8324-529d59336219,Ignatius Wong,5,Good,0,2025-02-19 15:53:48
com.feraset.ainote,AI Note Taker - Meeting Notes,57b26408-2b6a-4b99-a804-3ee1a6129032,BETELEHEM TESFAYE,5,it good,0,2025-01-30 15:23:36
com.feraset.ainote,AI Note Taker - Meeting Notes,bb7a9aa1-afc9-4142-98c8-b01694418173,Nolty Swartbooi,5,Excellent,0,2025-01-25 09:15:52
com.feraset.ainote,AI Note Taker - Meeting Notes,243f7d29-ee1c-4a68-9405-a42a8c6a5ad4,Dan Udochukwu,5,"As an admin, this app has been very healpful for managing meetings and keeping track of important details. It transcribes discussions with amazing accuracy, and the summaries save me so much time when preparing reports or sharing updates with the team. It’s reliable, easy to use, and incredibly helpful for staying organized in a busy office environment. I highly recommend it to everyone",0,2025-01-13 05:59:03
com.feraset.ainote,AI Note Taker - Meeting Notes,20da2c36-7f98-44aa-b8b5-d3ac380a3641,Joshua Morris,1,3 hours of audio and 50 words of AI notes,0,2025-01-12 23:34:53
com.feraset.ainote,AI Note Taker - Meeting Notes,8caf35db-d3e8-4b21-a168-01fd3ef9a048,Young Reezy,1,Stupid,0,2025-01-08 09:22:25
com.feraset.ainote,AI Note Taker - Meeting Notes,95e941cc-95db-4732-a1e2-b1e5d0c60275,Denver Nobleza,5,Genius Finder Notes Edit Song Lyrics.,0,2024-12-17 11:55:23
com.feraset.ainote,AI Note Taker - Meeting Notes,83db497b-b2f5-4ae6-bb4e-965c407ab6ec,Samantha Nicole Escote,1,Have to get premium to use it. Don't download this you have to pay to use it.....,0,2024-12-10 11:58:03
com.feraset.ainote,AI Note Taker - Meeting Notes,2174807c-6505-4a39-903e-5b1fe29b8f88,Analise Pollard,3,"Honestly it's a good app, it makes notes through videos efficiently but it requires you to be premium to properly use the app. This is a problem because not everyone is able to afford to pay but still require the app. Some person simply cannot fit it into their lifestyle so please find an alternative. I'm not saying to make it completely free but maybe a free version where you're still able to use the app but still have a premium option with more perks. Please take this into consideration.",33,2024-11-22 19:30:03
com.feraset.ainote,AI Note Taker - Meeting Notes,4d9648cf-29c1-4b66-a3a9-7429cb110b47,Favour Abanihem,1,Horrible,0,2024-11-19 08:26:05
com.feraset.ainote,AI Note Taker - Meeting Notes,e3b01ba7-8f71-410e-9ca2-9b1cb3566186,B “Allen” S,1,Not that good,0,2024-11-15 07:15:27
com.feraset.ainote,AI Note Taker - Meeting Notes,2a0b8d56-e398-4fbf-8a83-ced215c9a70c,Jarrhyf Hernandez,2,"I can't delete files. Sometimes I've recorded something and it gives me an error and it gives no way for me to retrieve the audio or notes, effectively loosing the info. Also every time I try to email support the app closes out on me. Also the play option at the bottom once the notes has been taken doesn't work either. I kinda regret paying the year without testing it a bit more.",9,2024-11-14 18:47:23
com.feraset.ainote,AI Note Taker - Meeting Notes,81984b12-545f-4fc1-ad17-9fab441620cc,Dr.Soumya Banerjee,2,There should be less premium ads,0,2024-11-03 15:08:58
com.feraset.ainote,AI Note Taker - Meeting Notes,9892f3d2-b4b9-4225-8c92-7b1a9b679ec1,Kevin,1,For an app asking nearly 9$ a week should be letting people experience a free month trial.,1,2024-11-01 15:05:12
com.feraset.ainote,AI Note Taker - Meeting Notes,78cd56c4-e0d6-4fdb-8ef0-99b69e9995a8,Jim Wolf,3,"ask me after I've used it, not before..",0,2024-10-30 06:03:58
com.feraset.ainote,AI Note Taker - Meeting Notes,8e81f1b8-6966-4f7b-abdd-52cb187be60d,Dooshima Nomigo,5,nice,0,2024-10-27 07:32:18
com.feraset.ainote,AI Note Taker - Meeting Notes,9df1f86a-98a5-4ecb-9add-d2ac53b44f7b,Jodine Donatien,1,When trying to record directly. There is an error and the data is lost. Then trying to upload a recording there is an error. Not worth the time.,6,2024-10-21 22:41:50
com.feraset.ainote,AI Note Taker - Meeting Notes,4918d929-de60-4e01-b2c1-cfade379998e,Arjun Singh,5,looking forward to this app,0,2024-10-09 04:30:33
com.feraset.ainote,AI Note Taker - Meeting Notes,248ef959-214d-4c7a-85a8-4f18d719a4e7,Abdul Ghaffar,1,I'm uninstalling it because it only creates notes in hindi not in English.,2,2024-09-26 14:53:04
com.feraset.ainote,AI Note Taker - Meeting Notes,11ef6228-6ffd-4d7c-9060-986a198a080b,Justin Frye,1,App went to a white screen when I opened it after install. It never did anything. I am uninstalling.,7,2024-09-14 20:14:06
com.feraset.ainote,AI Note Taker - Meeting Notes,32445424-e88b-492f-951e-25a31091a045,Saisri Sathish,2,"The app is good. But it requires premium to use the app properly. We can only view one recorded note, and we can record for only 3 minutes.. basically a pay to use app",14,2024-09-13 15:52:02
com.feraset.ainote,AI Note Taker - Meeting Notes,4ef6f0f9-5490-4821-a4b4-6549182020d9,Jheany Balde,1,Its a 1 star because how can we link our notes when everything is for premium and money,5,2024-09-08 05:21:31
com.feraset.ainote,AI Note Taker - Meeting Notes,4940246a-287e-4ad3-942d-591c1209df63,Josie Rivera,5,Cool,0,2024-09-05 01:23:16
com.feraset.ainote,AI Note Taker - Meeting Notes,41c80bc4-66c4-4889-956a-cbd5f1681198,Luca Pozzobon,5,where do i evem start...,1,2024-09-04 16:21:27
com.feraset.ainote,AI Note Taker - Meeting Notes,f2e153c5-1c5d-401f-b0af-e0be9ccc99a8,Shazia Ali,5,great app for studying smartly and to focus more on the lecture during class for those who don't review before class.as I said earlier smart study app,13,2024-08-31 17:34:42
com.recordpro.audiorecord,HiNoter - AI Note Taker,c0d890ff-406a-4965-bdd6-89e533c5af56,Dan GARBA,5,Very Very good,0,2026-02-19 12:59:57
com.recordpro.audiorecord,HiNoter - AI Note Taker,65bdb9a3-f31b-4293-aec6-109c4192d290,Mary Adobaah,5,For easy to have access to it,0,2026-02-19 10:17:36
com.recordpro.audiorecord,HiNoter - AI Note Taker,91a97d1d-245e-4227-9eb4-180f1da84fbd,Chino,1,"pésima , no capto nada.",0,2026-02-19 03:31:28
com.recordpro.audiorecord,HiNoter - AI Note Taker,228350c0-1946-4170-b0f4-956738ec3f7d,grace awodu,5,"I'm so excited, HiNoter has reduced my stress!",0,2026-02-19 03:22:56
com.recordpro.audiorecord,HiNoter - AI Note Taker,d5dc45af-d6fe-481d-ae1f-b664e5d4420d,Ma. Pag asa E. Relos,5,cool,0,2026-02-18 23:30:22
com.recordpro.audiorecord,HiNoter - AI Note Taker,ffc7b220-b787-4cd5-bf17-4e7536a7401a,muhammad usman,5,fantastic,0,2026-02-18 21:24:41
com.recordpro.audiorecord,HiNoter - AI Note Taker,971cf0b1-2566-410c-9a47-563387969dd7,Ogga Bigail,5,I love it,0,2026-02-18 17:24:08
com.recordpro.audiorecord,HiNoter - AI Note Taker,6ea083c7-e497-416d-81f6-603ad28a2be8,Tony madu Onyibor,5,This is amazing!!!,0,2026-02-18 16:55:15
com.recordpro.audiorecord,HiNoter - AI Note Taker,52887f3c-792b-4b9c-841e-d93988c6e945,Jo Huang,3,tryomg,0,2026-02-18 01:00:29
com.recordpro.audiorecord,HiNoter - AI Note Taker,ef6fd15f-7c62-4b52-a65a-d81e8f0ab799,Kara Laskoskie,1,horrible transcript for aduo that you can hear clearly. attempting to get a refund since I was not expecting to take out a full year subscription to not even allow editing to what was being said and horrible translation of original audio.,0,2026-02-17 18:30:57
com.recordpro.audiorecord,HiNoter - AI Note Taker,b194001d-eddd-4761-bf2d-18fb8f5865ad,Watieamran Amran,1,A very useful app that has significantly simplified my work.,0,2026-02-17 00:25:57
com.recordpro.audiorecord,HiNoter - AI Note Taker,a667cd90-1c1b-47f5-af15-24fb9e0f1ea0,Robert Nnamchi,5,exceptionally nice,0,2026-02-16 21:55:19
com.recordpro.audiorecord,HiNoter - AI Note Taker,4a68e451-9f72-4af1-aa47-a87297dea0c2,jay gregory,1,always end up having to pay to use basic features,1,2026-02-16 18:24:47
com.recordpro.audiorecord,HiNoter - AI Note Taker,8eb51ec2-3854-4854-9013-b94d7cb98bd5,Frank Gadelha,5,Fantástica ferramenta. Merece cada centavo.,0,2026-02-16 03:48:48
com.recordpro.audiorecord,HiNoter - AI Note Taker,6d750036-e9ad-4822-a492-7d99a24ea362,Aisha malami zakariyya,5,so great and useful,0,2026-02-15 09:20:01
com.recordpro.audiorecord,HiNoter - AI Note Taker,2ea0c742-3319-417f-b8d3-2759fb4a269b,Javier Ortegon,5,I like this app.,0,2026-02-14 06:17:40
com.recordpro.audiorecord,HiNoter - AI Note Taker,e9752889-6bcd-4181-bc88-7644593dd92b,oyelami Oyedeji Olusesan,5,awesome,0,2026-02-13 17:36:57
com.recordpro.audiorecord,HiNoter - AI Note Taker,5607cff2-3923-415e-9f5d-0e994a6607dc,Emmanuel Andrew Maji,5,nice one,0,2026-02-13 11:44:41
com.recordpro.audiorecord,HiNoter - AI Note Taker,34c8b0d6-c49d-4307-9762-d7d42c1ad3c9,Kareem Sarawak,5,very good,0,2026-02-11 01:06:42
com.recordpro.audiorecord,HiNoter - AI Note Taker,4c62f99a-133a-4479-8a0e-cc8584a3563a,Manel,1,"Transcription is too slow, dont even bother downloading this",3,2026-02-10 19:17:31
com.recordpro.audiorecord,HiNoter - AI Note Taker,39d9db45-8e5b-4963-822c-1b89993c9837,Adeleke Ademitan,5,let me test if it's good I would love it to let you know all this time,1,2026-02-10 18:29:48
com.recordpro.audiorecord,HiNoter - AI Note Taker,010f2c93-22e8-4e32-9aef-1b38693c228e,Jerry Numbi,5,"Very good, I recommend it to everyone",0,2026-02-10 12:47:47
com.recordpro.audiorecord,HiNoter - AI Note Taker,feb550bd-6cce-488d-a2cc-8d991282418d,Giuseppe Loviglio,5,ben fatta.,0,2026-02-09 18:01:42
com.recordpro.audiorecord,HiNoter - AI Note Taker,2119ed99-a62e-4658-ba11-d5e169272a83,Bernardino Deloy,5,good app,1,2026-02-08 22:19:38
com.recordpro.audiorecord,HiNoter - AI Note Taker,8903ca99-b5e5-4863-9463-618316828c2f,prince Omooba,5,good,0,2026-02-07 19:57:15
com.recordpro.audiorecord,HiNoter - AI Note Taker,8ce0fe2c-2f01-43c9-ad4d-34bafd9c9ba3,Matthew John,3,Am still testing it but a friend said is a great App,1,2026-02-06 20:34:52
com.recordpro.audiorecord,HiNoter - AI Note Taker,fa129575-1ad7-4beb-b3cf-505b5a89a728,Johannes Weisgerber,1,"Audioaufnahmen können nicht transkribiert werden, weil sie einfach plötzlich nicht mehr da sind oder eine fehlerhafte Datei produziert wurde. So ist die App leider völlig unbrauchbar. Ein einziges Protokoll hat mal gut geklappt, danach nichts mehr, obwohl ich es ein Jahr lang abonniert habe. Sehr ärgerlich um das unnötige Geld.",0,2026-02-06 17:03:54
com.recordpro.audiorecord,HiNoter - AI Note Taker,81af7742-dd22-4da1-8abf-b027451450c2,Lacy Hill,5,AMAZING ☆☆☆☆☆ + A MILLION MORE!! ♡♡♡ FINALLY.. THE ANSWER TO MY LAZINESS.. I THE THOUGHTS.. I HAVE HEART AND SKILLS WITH WORD PLAY.. JUST SEVERELY LACK GUMP TO JOT IT DOWN AND WRITE IT OUT TO COMPLETION.. THANK HINOTER .. SO FAR YOU'RE A GREAT SCRIBE TO MY POETIC VISIONS!♡☆♡,2,2026-02-05 20:59:08
com.recordpro.audiorecord,HiNoter - AI Note Taker,6913c61f-3dfd-4073-8c1b-51ddfdd2463c,Ben Roofing Services Pty Ltd,5,excellent,0,2026-02-05 20:46:57
com.recordpro.audiorecord,HiNoter - AI Note Taker,10b13e57-44df-4f0a-9bb7-7d813abb950c,Marcela Garcia,5,me encantó el resumen y lo práctico de la aplicación,0,2026-02-04 22:48:51
com.recordpro.audiorecord,HiNoter - AI Note Taker,c584daf0-a4c1-4a6b-82a9-e9ca7aea6f30,Anna Paola Alfonso,5,Rielaborazione perfetta,0,2026-01-31 11:37:18
com.recordpro.audiorecord,HiNoter - AI Note Taker,b02e8f91-9760-45dd-9a66-1e0c5d9ea3c6,Usman Bajwa,3,too early to ask.. plz let the user use your service first then ask for a feed back i havent get my first results yet how can i review you,5,2026-01-29 23:51:16
com.recordpro.audiorecord,HiNoter - AI Note Taker,74c7037a-a05f-4e99-a526-080adc705b06,Asad khan Mandokhail,4,best one,0,2026-01-29 22:50:59
com.recordpro.audiorecord,HiNoter - AI Note Taker,48ebbe28-d8b5-44f3-90b9-7eb1a8215be0,Chris Moran,1,Utter garbage - quite simply does not work for telephone calls.,4,2026-01-29 15:19:51
com.recordpro.audiorecord,HiNoter - AI Note Taker,8688b782-9800-484b-91a1-198708f77cc9,Priscila Canico,5,exeptional,0,2026-01-29 12:46:58
com.recordpro.audiorecord,HiNoter - AI Note Taker,c2ade547-b3a6-4c46-81b7-94970145f99b,Fanan Uke,4,"excellent, why do we need to pay???🥲",9,2026-01-27 10:47:42
com.recordpro.audiorecord,HiNoter - AI Note Taker,65f45d43-6c8d-4899-9078-960a16b02487,juan rivera,1,"im open this app and go tru ask me to pay a premium app. really bad service and app!!! this app must be no need to exist. ., waste my time and my money, so never",7,2026-01-26 23:14:58
com.recordpro.audiorecord,HiNoter - AI Note Taker,7abff2c1-150a-4c57-8091-a3d4b6538306,Cheng Oh,5,good for my reporting,0,2026-01-23 01:25:55
com.recordpro.audiorecord,HiNoter - AI Note Taker,50891692-d3e7-495a-9dcb-dbc8770cd9d4,Masih Simantha,5,woooooooowwwww love you 😍 💋 byeeeeeeeeeeee,0,2026-01-22 20:45:56
com.recordpro.audiorecord,HiNoter - AI Note Taker,406c1f28-4de2-4740-b9b2-e352dc84a13f,Abena Anima,4,awesome,0,2026-01-21 19:03:47
com.recordpro.audiorecord,HiNoter - AI Note Taker,677fa8ca-a1db-47db-8ff4-7e81c9a70316,Phidelia Datsomor,3,great,0,2026-01-20 12:35:25
com.recordpro.audiorecord,HiNoter - AI Note Taker,0a6c5001-7d01-477a-a463-6598052c3bdc,Tatz Dianne Pj,4,nice verry helpful,0,2026-01-16 04:47:20
com.recordpro.audiorecord,HiNoter - AI Note Taker,ad509ed0-4d8b-4046-832f-807122c60929,Elisha Agyei Kwakye,3,Very good AI app,0,2026-01-16 02:06:34
com.recordpro.audiorecord,HiNoter - AI Note Taker,7e75f47b-14cb-4ff5-8abd-d3cff57aca7e,Mawuena Afasime Agbewornu,5,very good and captures every detail,2,2026-01-15 19:14:45
com.recordpro.audiorecord,HiNoter - AI Note Taker,7bbdac89-52e7-4414-ac6e-1baa9270ecec,Tsholedi Moloi,1,it's expensive and all functionality is behind a paywall,7,2026-01-11 18:23:44
com.recordpro.audiorecord,HiNoter - AI Note Taker,4c348e59-46f2-4e7c-8d79-69522ed3eb80,Marco Valera,5,"Esta app es tremenda, es excelente, muy buena. Te presenta el audio completo y ordenado por cada persona que habla, te la puede traducir y hasta un esquema puede hacer. aparte de eso tienes iA con la que puedes interactuar y hacer preguntas. waoo está magnífica.",0,2026-01-10 08:21:10
com.recordpro.audiorecord,HiNoter - AI Note Taker,4d0512fc-bf13-4582-a454-213f94f2faea,Michael Donkor,5,good 👍 and interesting. it makes learning easy and faster,3,2026-01-09 14:45:30
com.recordpro.audiorecord,HiNoter - AI Note Taker,106f6c80-c702-41ed-998d-e064f390bf0d,Andy,1,doesn't transcribe,1,2026-01-09 11:02:24
com.recordpro.audiorecord,HiNoter - AI Note Taker,a612f8e2-b00b-43ae-8756-1818b114e5c7,Lunn Chauke,5,amazing app,0,2026-01-02 15:08:28
com.recordpro.audiorecord,HiNoter - AI Note Taker,e4cd4b05-4914-405b-88ae-eeaaba17a0e1,Dar,5,"Great,speed, clean, clean copy",2,2026-01-02 08:38:48
com.recordpro.audiorecord,HiNoter - AI Note Taker,2a02bddb-592b-4b69-8067-69d82592d71a,Ernestina Prempeh,3,it very good,0,2025-12-28 11:02:42
com.recordpro.audiorecord,HiNoter - AI Note Taker,1b46db94-76dc-4cb6-bb22-c16620d9d4dc,Francis TVlog,5,"details with bisaya and Tagalog, grabeh legit!!",0,2025-12-09 01:40:11
com.recordpro.audiorecord,HiNoter - AI Note Taker,389fb32c-0a36-4155-ab29-90c7ae6f243b,Maria Sarah Edusma,5,"starting to love this app, it make my work easier , thanking the developer",2,2025-12-08 05:04:25
com.recordpro.audiorecord,HiNoter - AI Note Taker,867234d9-8b37-4c28-81fe-00a8fee08cd5,Mac Strange,5,insight,0,2025-12-08 01:14:21
com.recordpro.audiorecord,HiNoter - AI Note Taker,f7146353-5aba-4b34-a0a5-8fb6782d4560,Olympus Colcol,5,"This app truly delivers everything you need—it’s seamless for meetings, highly effective in classrooms, and remarkably user-friendly. The only drawback is that the premium subscription feels overpriced, which may limit accessibility for students and professionals who could benefit most. Offering more flexible pricing or tiered plans would make it even more inclusive and widely adopted.",20,2025-12-07 23:31:57
com.recordpro.audiorecord,HiNoter - AI Note Taker,65607fc1-a68f-4899-ad87-d7ef9f3f01fc,timothy zikky,5,very good,0,2025-11-30 08:32:50
com.recordpro.audiorecord,HiNoter - AI Note Taker,1f95a050-6e7b-4399-800e-5f6884a291d1,Olonisakin OLAMILEKAN VICTOR,5,"wow amazing, I love it,it arrange everything orderly, topic, subtopics",1,2025-11-27 10:01:45
com.recordpro.audiorecord,HiNoter - AI Note Taker,736b7a20-46a5-41ba-b3b1-b18d7477da76,David (DJ),4,"(I think this might be the first review) Yeah, seems like a good app. I don't think the premium should really be a thing on this but it is.",5,2025-11-19 03:02:37
com.recordpro.audiorecord,HiNoter - AI Note Taker,3d98e911-51df-4e27-8a7c-3c426762710a,Kamohelo Motsima,2,Dissapointing This tool only transcribes and no AI meeting summary. This is very basic. Sneaky expensive subscription for subpar service. disappointed,12,2025-09-09 09:45:35
net.dailylabs.daily_app,AI Journal Notebook - Reflectr,60185f0b-07ed-4f23-9dd3-a55f4cda0e58,Hii,5,"Love this app!! I hope that there's an option to edit the companions' names to make it more realistic like real users! Btw, I really enjoyed using this app!",0,2026-02-06 17:35:20
net.dailylabs.daily_app,AI Journal Notebook - Reflectr,c6c518fc-ea31-4c36-9714-5d58e6ea07c5,suma chatni,5,Widget pls... ☺️ 🙏,3,2026-01-08 16:56:13
net.dailylabs.daily_app,AI Journal Notebook - Reflectr,936e729f-14ce-41a1-9963-b672e42de6f2,CarolTurquoisE E,5,you can keep up the good work with free stuff. it's hard to find it these days.,0,2025-12-31 14:12:13
net.dailylabs.daily_app,AI Journal Notebook - Reflectr,ea09d90e-d12b-46ed-b8fc-1b4a1124cbc6,Mike (Thinker),2,difficult to navigate for newbies. As I can tell the trial version is very limited.,0,2025-12-23 03:23:04
net.dailylabs.daily_app,AI Journal Notebook - Reflectr,db5620d6-23dd-46b8-a676-cb2fc9e65beb,Satish Ad47,5,"nice app to daily habit tracking by posting about it, without telling anyone",0,2025-12-22 18:24:36
net.dailylabs.daily_app,AI Journal Notebook - Reflectr,ec6c1e62-28c9-4952-8eb4-1bc6e608a20c,RishavRodriguez Ghosh,5,love it fun playful especially the comments make it very personalized,0,2025-12-03 16:40:37
net.dailylabs.daily_app,AI Journal Notebook - Reflectr,3b19293b-9030-414b-b741-bfd569a29ab3,Suhit Pawar,5,One of the best.,0,2025-11-02 09:01:29
net.dailylabs.daily_app,AI Journal Notebook - Reflectr,7acdaf86-18d1-41d9-93eb-d220dd7124cb,Ovi Ovidiu,1,"you can try for free only 1 day, (why not 2 hours ?) and of course they want to put your credit card. stupid. uninstall",2,2025-10-24 21:46:03
net.dailylabs.daily_app,AI Journal Notebook - Reflectr,f3b1b8d2-e7fd-4999-a0dc-6d580be2ec6a,Daniel Max,1,confusing and pointless. it doesn't add anything to journaling,0,2025-10-04 20:27:37
net.dailylabs.daily_app,AI Journal Notebook - Reflectr,f5f60a13-2ccc-4548-9863-36aaaa714d82,Lou D.,4,"Loving the app so far & can't wait to see more updates 😀 Couple of issues.. the custom names won't stay. The Analyst, Dreamer, and Realist custom images keep disappearing & they don’t comment on posts.",10,2025-10-02 16:33:39
net.dailylabs.daily_app,AI Journal Notebook - Reflectr,1ce0491c-65b3-4e13-b8a7-9c2b3dd86b71,Demon MoonBat,3,"I like that I have the ability to change the name and face of a companion. But the name doesn't stick more than a minute, and I've had to re-upload the face I chose five times today so far.",1,2025-09-16 14:31:52
net.dailylabs.daily_app,AI Journal Notebook - Reflectr,92630ac9-0bca-4abe-962a-fe63e453ed6c,Dev Prasad Sahu,1,if you are not in premium than this app is below average,0,2025-09-14 04:17:17
net.dailylabs.daily_app,AI Journal Notebook - Reflectr,63da5d1e-5ac6-4eed-9600-0e56ef8226af,Dallas Lee (Dallice),5,So far I love It. Such a unique and even helpful way of journalling and getting feedback from the companions,2,2025-09-11 09:05:12
net.dailylabs.daily_app,AI Journal Notebook - Reflectr,7a9b5d32-0d14-484e-b97d-7da022573c3d,Hida Waqiyuddin (Dhwx),5,Excellent app! Never have I wanted to journal until I found this app. I have created my own personal inner circle and their perspective is insightful and captivating. I also have emailed support with regards to subscription and hopefully it can be settled. Thank you.,10,2025-08-16 17:59:49
net.dailylabs.daily_app,AI Journal Notebook - Reflectr,fa0bb085-491e-43fd-a347-d0f4d6e2d1f3,Akshay Singh,5,Incredible. This app is quintessential for loners who often introspect and journal their life seeking some time off from this synthetic society. 5 stars 😌,0,2025-08-15 17:58:21
net.dailylabs.daily_app,AI Journal Notebook - Reflectr,b0f349f6-78cf-4a3f-8ca7-ce2c7c9b5149,Rich Alberta,2,I literally bought this app thinking it was a all in one app that was speech to text with actually being able to say to do list or pick that as category ...its nothing like that I thought would be able to record voice and convert to text ...it's my keyboard mic I could have did that on my one note app ...please refund my money.,2,2025-08-08 06:46:24
net.dailylabs.daily_app,AI Journal Notebook - Reflectr,632e43fe-2ab1-4a8f-8f0b-ae01cd9cf723,Adel Al-Sughayer,5,"Good Morning I can't thank you enough for this wonderful app. I am 65 years old and I have never written personal daily journals. I love the fact that it gives me 360 degree angle view of my thoughts It surely widened my perspective on how other people with different personality traits view me. More importantly, how I view myself among others * BUT I HAVE ONE ISSUE * Although I write my journals in Arabic, the companions started lately writing their comments in English! Please help",7,2025-07-18 08:09:09
net.dailylabs.daily_app,AI Journal Notebook - Reflectr,d2f3ead6-0a27-4292-b712-b9332605b29d,Steph M,4,"It looks amazing. but you have to pay to use, even tho I searched (Free).",0,2025-06-30 07:57:08
net.dailylabs.daily_app,AI Journal Notebook - Reflectr,33ebac93-125f-4448-a461-c3182e008249,Carlandria Talbert,1,"this app insists I subscribe, or else I can't use it. however.I subscribed , and it's still prompting me to subscribe and won't move forward despite clicking on ""restore"". It looks like it'd be a good app if it worked.",2,2025-06-29 22:25:33
net.dailylabs.daily_app,AI Journal Notebook - Reflectr,56da2288-2ecf-4d57-ac27-1c76ca10d747,Aj R,1,"Insight reads ""It's fascinating how humor and introspection can coexist in your journaling."" I have made zero entries. This is not AI if it's feeding scripted ""responses"". Zero inputs should give zero results. LOL",1,2025-06-09 06:26:51
net.dailylabs.daily_app,AI Journal Notebook - Reflectr,b404e6bf-0cc5-4224-a17c-046a079912da,Brandon Haines,5,"The feedback I got was like peeling the layers of a succulent onion, revealing new insights that left me amazed and feeling thoroughly understood!",1,2025-05-15 09:56:55
net.dailylabs.daily_app,AI Journal Notebook - Reflectr,4f762c8b-79b7-4c51-82a5-608a3e6ea313,Abu Faisal Rony,1,Could you plz add AI Bengali Language? Now AI can write anything in Bengali very nicely. Just add Bengali AI Language.,0,2025-05-14 15:21:25
net.dailylabs.daily_app,AI Journal Notebook - Reflectr,bf808994-c2b4-49eb-ad4c-f996572aaebd,International Interfaith Ministries,4,"4/18/25 Excited to see 2 new personalities added. Only problem with that is I don't get to have all of the personalities at once. When I included Explorer and Listener, Contrarian got left out, despite my setting to include him. Also wish the character length capacity of entries could be increased.",6,2025-04-19 04:46:43
net.dailylabs.daily_app,AI Journal Notebook - Reflectr,04346df0-8948-4faf-aa39-792304e21ffa,Joseph Cuddington,5,University of Michigan Data Scientist -Approved-,1,2025-04-13 00:12:09
net.dailylabs.daily_app,AI Journal Notebook - Reflectr,4975776d-0d2f-46e2-946f-7d25637748b4,Anthony,5,"Reflectr’s a total blast! The AI profiles bring the vibes with humor and good insights! Only drawback? That character limit on journal entries, makes it difficult to get bigger brainstorms down. I also couldn't get the importing to work. I think because of this limit. Either way I snagged premium to back this awesome work! Looking forward to updates!",1,2025-03-13 04:17:53
net.dailylabs.daily_app,AI Journal Notebook - Reflectr,8f26305b-febc-4e9f-8e2f-a03b4a48674f,Jennifer Morrison,5,I can't begin to describe how many ways I love this app❤️❤️Thank you Amazing!!!,0,2025-03-11 09:08:50
net.dailylabs.daily_app,AI Journal Notebook - Reflectr,0798071c-e5f7-49d7-a289-e106da534bc1,Easy Æther,3,"I liked it at first, it's a good idea to have a safe-space for journaling and still get feedback from different perspectives. However, it didn't take long for me to become frustrated with having to explain the same thing (situations, relations, ideas) over and over again because there is no learning curve. If there was a way to pre-inform the AI about context, the reflection would actually make sense. But like this, it's only scratching the surface.",0,2025-02-28 09:47:16
net.dailylabs.daily_app,AI Journal Notebook - Reflectr,430e46fb-bbbe-4009-bbb6-a6c5a7462fc3,Mike & MaryJane McMillen,3,Only deleted 1 at a time. Repeated messages.,0,2025-01-04 02:34:54
net.dailylabs.daily_app,AI Journal Notebook - Reflectr,be8f18dd-352f-491f-b208-b7f22be35634,Jamie Kulesa,1,Couldn't sign in anymore so I said forget it,1,2024-12-16 23:48:36
net.dailylabs.daily_app,AI Journal Notebook - Reflectr,1f98d41f-aea2-48cc-9a78-afe951d6e98e,Jessi T,5,Really enjoyed having the space to write down and have some non-judgemental commentaries about my thoughts. Am seriously considering purchasing the premium plan for the opportunity to chat with the ai to follow up on some of the questions/suggestions.,1,2024-11-16 00:30:30
net.dailylabs.daily_app,AI Journal Notebook - Reflectr,fc498212-e429-49c7-872f-175062f9c258,Kaiju,5,"Really good app and the idea of using ai to help you reflect is amazing. Keep up the good work! I really wish there's the ability to add multiple images to one post that would be so useful. Also for some reason the notification time setting doesn't save so when you exit the app it resets to evening only, not sure if that's only a issue on my end.",2,2024-10-27 05:55:36
net.dailylabs.daily_app,AI Journal Notebook - Reflectr,c5099386-4a30-4f25-82ee-0563e9f0fa3a,sally baldwin,1,Terrible. Won't even post at all now,1,2024-10-26 14:14:36
net.dailylabs.daily_app,AI Journal Notebook - Reflectr,ca61ced2-dedb-42cb-bc01-2374ed1b483f,Mohd taufik bin abdullah seta ak.rimong,5,Enable already,0,2024-10-19 23:00:35
net.dailylabs.daily_app,AI Journal Notebook - Reflectr,e199b33c-3ec6-4812-abd6-607002ee0d35,Ashri 雅意 Rhd,5,"This is best AI used to accompany human to decide and reflect... We can have several POVs in form of Ai personality we often to forget ... I love all of them: the self reflect, the philosopher, the funny one, the contrarian, the optimist, and the analyze.",1,2024-10-12 06:05:53
net.dailylabs.daily_app,AI Journal Notebook - Reflectr,62bbf505-be71-472d-881c-050cf29d469b,A Google user,5,Good 👍,0,2024-10-06 17:18:42
net.dailylabs.daily_app,AI Journal Notebook - Reflectr,4f0cdc15-d592-4f84-8ea6-84289422f00a,Trey Levy,5,"a wonderful use of AI, one that actually helps your health without being horribly expensive. sweet, comforting, and this app has helped me figure out a lot of my own issues. premium isn't necessary but the features are even more helpful, and it's not expensive at all compared to a lot of other AI subscriptions!",11,2024-09-25 11:26:36
net.dailylabs.daily_app,AI Journal Notebook - Reflectr,822e7ff4-a3d5-437c-adce-1b4436c82715,Mungia Barua,5,Mikobote,0,2024-09-05 07:02:51
net.dailylabs.daily_app,AI Journal Notebook - Reflectr,633a8643-aaac-416d-b447-894d255a71e5,Amlan Jyoti Prakash,5,Just experience the best journals. You definitely love it and the ai features are awesome,0,2024-09-03 08:04:54
net.dailylabs.daily_app,AI Journal Notebook - Reflectr,2302ea26-164e-402d-b082-03d4d2c32f8f,Ruby S,5,"such an amazing app! The best I have seen for Al journaling ♡. maybe the ability to ""like"" comments and more journal prompt ideas will come in the future?",1,2024-08-16 19:39:14
net.dailylabs.daily_app,AI Journal Notebook - Reflectr,5a18ca34-9210-409a-9d69-42219871f8e3,Kirk Roberson,5,Outstanding App!,0,2024-07-24 17:02:57
net.dailylabs.daily_app,AI Journal Notebook - Reflectr,142247b5-3148-40fb-81b3-571f01a6b39c,Cyril Mae,5,Interesting! It is very interactive with users. It is as if posting on social media about your thoughts with no fear of judgement. I like this app!,3,2024-07-17 18:44:47
net.dailylabs.daily_app,AI Journal Notebook - Reflectr,6da88c6b-58d5-46de-b0f5-8f85c4a42617,Jamie Bridges,3,Interesting but not what I was looking for if you add a prompt generator to the diary bit then I will stick around because I think it has potential that's originally what I was looking for is an AI guided diary. Interested to see how it develops though.,2,2024-07-09 23:58:01
net.dailylabs.daily_app,AI Journal Notebook - Reflectr,419b2379-7734-4b90-8eaa-09fc6dddbfbb,Onyx Schwa,4,"Reflectr is a bit clunky and laggy on both my Android and iOS devices. However, I absolutely love the idea and also conscious that it's a fairly new product, so I can't wait to see how it'll evolve in the future! more specific recommendations: 1. Web version 2. Personalisation options including themes, AI names and profile pics 3. There seem to be separate journal entry, notes and to-do lists tabs but I'm not sure how to use them or they don't work. 4. Moods don't show on calendar.",11,2024-07-07 08:23:12
net.dailylabs.daily_app,AI Journal Notebook - Reflectr,ac2d47f4-f995-43fb-83f4-e4509211024c,Juliana Salva,5,"Dear Team, grateful to provide back up solution for Huawei phone, google account does not work on mine. Can other options be provided ?",11,2024-07-06 04:57:24
net.dailylabs.daily_app,AI Journal Notebook - Reflectr,28140b67-b813-4786-a412-f02449a0db7a,Testament Exe,1,Dark mode is paid for,0,2024-06-24 20:22:45
net.dailylabs.daily_app,AI Journal Notebook - Reflectr,73439fea-306b-4fa2-9d27-f271a9f0f366,Timothee Gathmann,5,"It's great to have a diverse sounding board of 10 stereotypical characters (analyst, contrariant, optimist..) . It's like outsourcing the chatter in your head and consider all opinions equally on any life events that you would like !",0,2024-06-17 19:17:31
net.dailylabs.daily_app,AI Journal Notebook - Reflectr,16aae4b8-d8ff-4241-9011-79a4b4726e1e,Michał Kurzątkowski,5,I'm really confused why this app doesn't have hundreds of thousands of users by now. Great!,0,2024-06-08 18:43:04
net.dailylabs.daily_app,AI Journal Notebook - Reflectr,ab9e2364-8fc8-4f8f-a50f-11cf5b6c353e,Harsha,5,this app is perfect for introverts like me. there are many features available even without membership,0,2024-05-23 12:49:58
net.dailylabs.daily_app,AI Journal Notebook - Reflectr,8e99e627-0aa4-4437-9a6b-a8dd71f45eb2,Zabiulla Khan,5,Good it helps in my improving English as well in journal,0,2024-05-08 05:00:22
net.dailylabs.daily_app,AI Journal Notebook - Reflectr,08806ef3-bcf4-4bc0-9c50-17298429295d,Breezeless,3,"The idea of using AI to help give you responses and offer perspectives to you on your thoughts was a cool idea. But the bots appear to be so servile, and it feels like it has the potential of becoming an echo chamber of your own thoughts. It just felt like they weren't disagreeing with me or anything like people do. Kind of made me feel creeped out actually. I love the idea, but I wish the bots would challenge our thoughts without sounding so overly inspirational.",0,2024-04-27 21:48:58
net.dailylabs.daily_app,AI Journal Notebook - Reflectr,779812d0-1000-4f0e-83fc-46d7c1e271ae,The local Critique,5,Why is this so underrated ?,0,2024-04-25 16:43:31
net.dailylabs.daily_app,AI Journal Notebook - Reflectr,dc946375-d8c6-46a7-a77b-c674658e979f,Anirban Chatterjee,5,"The best journal app I've ever used. For me, the premium+ is worth it, because having various AI profiles (personalities) share their thoughts on your entries freely, inspires your creativity. Also aligns very nicely with 'Thinking hats' methology. But the best part, obviously, is the ability to literally chat with my journal. I've just started using the app, and there are limits like char limit in entries, but overall it's the best thing in business, at least till NotebookLM launches everywhere",11,2024-04-23 20:40:55
net.dailylabs.daily_app,AI Journal Notebook - Reflectr,6c000e17-3dce-4e65-8d28-fe0d1f65057f,A.J. Katharopoulos,3,"I really, really like it, but ... Why can't you just turn the sound off for the ads? I've really got no issues with ads, but the fact that you can't turn sounds off is incredibly frustrating.",0,2024-04-08 04:22:07
net.dailylabs.daily_app,AI Journal Notebook - Reflectr,b835803d-41ca-4390-97a7-e6169442208d,J “DJ” F,5,"I love the app but found a fatal error. I lost my last device where I was logged, and the app was protected by biometrics. After installing in a new device, the app request an encryption key that's supposed to be under my profile 8n the last device I was logged: the one I lost. Any workaround? The data stored in my account means a lot to me.",7,2024-04-07 20:02:26
net.dailylabs.daily_app,AI Journal Notebook - Reflectr,6fe00dec-2914-439c-95b8-b7bda1e12cc2,Doaa Hmdi,5,best,0,2024-04-07 19:07:26
net.dailylabs.daily_app,AI Journal Notebook - Reflectr,4abf7667-ceca-408b-88c7-f79c659e5d92,Mikita Kavaliou,5,"Awesome idea, the app has a vibe. Few suggestions : make the ability to reply to the ai comments , that would be even more engaging !",0,2024-04-02 20:38:34
net.dailylabs.daily_app,AI Journal Notebook - Reflectr,42e7f210-f314-4ee5-8dc8-fa63ec6fb956,Ignacio Azzi,4,Interesting concept. I would like to be able to reply to comment made by AI characters to followup on them.,1,2024-03-22 10:23:01
net.dailylabs.daily_app,AI Journal Notebook - Reflectr,bed7e756-fe4d-4bcc-83bd-4fd545d3d8dc,Michael Crabtree,4,I really dig this app and would gladly pay for the extra functions that seem pretty cool but it won't let me even sign in so if they cant handle something as basic as that I'm reluctant to trust em with Ten Bucks,0,2024-03-21 02:47:03
net.dailylabs.daily_app,AI Journal Notebook - Reflectr,f212a2d3-3e13-49db-b07d-289c2d68b151,Shilo Fox,4,So far my only issue is syncing between my two phones,0,2024-03-15 17:41:48
net.dailylabs.daily_app,AI Journal Notebook - Reflectr,865823a9-3b07-4954-8c8d-fd4a599da270,Kushraj Pollard,5,A fun and unique way to store some thoughts rather than the common notesapp,0,2024-03-09 00:25:09
net.dailylabs.daily_app,AI Journal Notebook - Reflectr,30f9bc72-2c15-4a4c-96b9-618f8d315e20,Zahra Shaker,5,"this app is truely facinating! it's really what I needed in my life! it gives you support but with the fffeeling of security! love the comedian! the app over all is truely exciting! a door to a new kind of therapy and journaling! just, please lable the bottns for the sake of accessibility. some blind users that use talk back like me will have a hard time with it.",3,2024-03-07 13:20:57
net.dailylabs.daily_app,AI Journal Notebook - Reflectr,0b98e08a-ab9d-4d77-b351-166533c1e904,Steven Thomas,5,I love this app! It's like having a journal that talks to you! I only wish I could respond to the Ai responses!,0,2024-03-04 00:16:31
net.dailylabs.daily_app,AI Journal Notebook - Reflectr,382cc2f0-c231-4188-8db5-37cf649fa5f6,Michael Baluyos,4,This is a cool concept. Very own social media with AI bots commenting on your post. Would love for a desktop bowser version. This is more like a personal social media app than a journal app because the posts you create cannot be taken offline or stored in a flat file.,2,2024-03-02 06:06:30
net.dailylabs.daily_app,AI Journal Notebook - Reflectr,3f88028e-3f60-4979-93ae-28b4b08b6424,Sky Moran,4,Really cool concept and definitely unique!,0,2024-02-29 21:42:13
net.dailylabs.daily_app,AI Journal Notebook - Reflectr,b0e84b41-6903-462c-a9c3-96fb0faaae46,Katelyn Harris,5,"This is a phenomenal idea. Great app, wonderfully executed. I can see a future where a lot of people make copycats lol",2,2024-02-28 04:36:12
net.dailylabs.daily_app,AI Journal Notebook - Reflectr,724872c0-5830-4f9f-88e1-a40a6b75a609,Tiffany,3,I would have no complaints if it had an in-browser companion to use on a laptop. Journaling with a touch screen keyboard is slow and annoying.,3,2024-02-25 22:58:10
net.dailylabs.daily_app,AI Journal Notebook - Reflectr,53dab626-28d7-4a8f-8e6d-44f90839a6c4,Adriaan Goosen,5,Best.,0,2024-02-18 13:09:10
net.dailylabs.daily_app,AI Journal Notebook - Reflectr,71d55b31-f91b-49c9-8002-e6002c62eac7,Desiree Miller,5,So helpful actually,0,2024-02-05 19:39:07
net.dailylabs.daily_app,AI Journal Notebook - Reflectr,e294c967-e4aa-4a6e-8559-676050a41ddf,disenchanted emo,5,Thsi saves my life,0,2024-02-05 17:30:10
net.dailylabs.daily_app,AI Journal Notebook - Reflectr,39df2cdc-9d1d-4eeb-9f37-3cc4ed3df4ef,Will Anderson,4,Would be good see customized AI companions names and photos and maybe custom personalities later,0,2024-02-02 18:18:10
net.dailylabs.daily_app,AI Journal Notebook - Reflectr,965ae2ec-e507-41bb-8c69-ca8c161dad70,Amy Admira,5,This is a cool diary.. u post a diary n boom : few comments arrive.. not like other diary,0,2024-01-30 16:36:30
net.dailylabs.daily_app,AI Journal Notebook - Reflectr,498f68fc-02bd-4f98-a72a-1cc7aa0ee4df,Rahul Rahan,5,bngaloru,0,2024-01-28 04:51:27
net.dailylabs.daily_app,AI Journal Notebook - Reflectr,10a3cdeb-e46a-4da2-9fd7-7315ee292aa4,Roz,4,"The only thing that is bothering me in this app is, when an AI is asking me a question on comments, i dont really know how to respond to them or there is no way to answer them?",0,2024-01-23 19:29:01
net.dailylabs.daily_app,AI Journal Notebook - Reflectr,1dfef323-ee6c-4587-8dee-02b653a69b6d,Бенях Левко,5,"Wow! That's something, really! But for me personally, something less abstract in responses would be much appreciated. I think it would be awesome to add a character that gives concrete calls to action — like, some small steps to achieve etc. And promise, had I some money, I'd definitely subscribe to the premium plan!",2,2024-01-10 23:21:51
net.dailylabs.daily_app,AI Journal Notebook - Reflectr,091a8a05-d197-4d4b-a0dd-6fd0d37a19b9,Chris Hutchings,5,This app is amazing. I love how it helps me journal every day and makes it fun and rewarding. The AI is like a friend who listens to me and gives me feedback on my entries. It makes me want to write more and share more details and insights about my life. The introspection feature is also awesome because it lets me review my posts and see how I have grown and changed over time. It shows me what I did well and what I can improve on. This app is a must-have for anyone who wants to journal.,2,2024-01-04 10:27:52
net.dailylabs.daily_app,AI Journal Notebook - Reflectr,0b02be0f-ac2f-490a-a4f7-6de1ddf41aab,Parshant Magar,3,life Changer,0,2023-12-30 15:11:12
net.dailylabs.daily_app,AI Journal Notebook - Reflectr,4dc28ecf-0f32-49dc-8e55-f9eb0255c0a6,Amit Kumar Giri,5,"Thats a great app,not what i wamted but what i needed.underrated one",0,2023-12-30 14:34:02
net.dailylabs.daily_app,AI Journal Notebook - Reflectr,da2c9ec5-a608-437b-b386-aa677b4ff2fb,Daron Tille,5,Good,0,2023-12-18 21:42:02
net.dailylabs.daily_app,AI Journal Notebook - Reflectr,5e892a85-2916-4b5e-8c46-9119aa10c95b,Kevin Nguyễn,5,"Been using it for months now. Great app and I really like it. Hopefully it will support Chinese in the future. Currently when entering Chinese, the response content is all in English. You will probably reach a larger number of users if the app natively supports Chinese, I think. 💬",2,2023-12-18 04:30:00
net.dailylabs.daily_app,AI Journal Notebook - Reflectr,2e052107-9756-4c7e-9f3e-878c22e648e5,Faith Wil,4,"It's enjoyable. I often type out whole paragraphs and posts and then, I decide to delete it for various reasons. This app has given me not only space to express myself, but I ha d thoroughly enjoyed using the features to give my posts a witty spin or cleaning it up. Whatever I'm in the mood for. It's just been a pretty cool tool for self expression. Thank you",2,2023-12-11 03:06:17
net.dailylabs.daily_app,AI Journal Notebook - Reflectr,417c9c6d-ba25-48f0-b0ce-793e31a55948,Kerry Mac,5,"I am not sure about the profiles. The free three aren't that good, however, I love the app itself. The feature of clean up is great enough. Journaling gets messy, and I don't like that, and this app solves it. And yes, the ai mood detection is a bonus, since I don't manually do such bothersome things. I like it. It definitely better than normal ai free journaling.",16,2023-12-09 05:51:14
net.dailylabs.daily_app,AI Journal Notebook - Reflectr,05a933ca-c978-4a28-9504-cdb1cdf2cf34,Shakira G,4,"Quite enjoying this app so far. My main gripe is that even though I can change/edit the date of a post, I can not edit the time. As someone who often records things after the fact, this is a bit of a deterrent for me.",1,2023-12-04 14:06:05
net.dailylabs.daily_app,AI Journal Notebook - Reflectr,8bc3075d-d3be-4e21-802d-938a23ba3e2c,C C,4,"This AI is quite good and enjoy using it. Have tried a few. However, this is my preference.",0,2023-12-03 12:17:18
net.dailylabs.daily_app,AI Journal Notebook - Reflectr,e1adab38-13fc-44a8-9346-fa5f668336d3,Flora P,5,"When I first saw this app, all I could think of was Riddle's diary in Harry Potter and the Chamber of Secrets, and I couldn't help but wonder if it would feel strange receiving replies from AI. However, from my first post I was immediately impressed by how realistic, pleasant, and unintimidating it is. It gives me confidence and motivation to journal more and I enjoy having that safe space. It's quite fun. Well done!",3,2023-12-03 12:07:44
net.dailylabs.daily_app,AI Journal Notebook - Reflectr,db63ae03-248b-45a0-bd5c-808aca11b2cd,Muhammad Zulkifli Mohd Zin,5,"I really like this app and give it 5 stars! But, I think the way it looks can be better. It should be more simple and pretty. I don't like the avatars for AI commenters much.",0,2023-12-02 17:51:41
net.dailylabs.daily_app,AI Journal Notebook - Reflectr,62983018-7c8e-4162-aec1-752af751ffbc,Mark Mcpherson,5,the best,0,2023-12-01 14:07:41
net.dailylabs.daily_app,AI Journal Notebook - Reflectr,dd821cbe-6936-4d4b-b73b-ac413be136ea,Brian Rahardi,5,the diary I've been waiting for. with AI technology it feels alive with comments and inspiration.,0,2023-11-27 00:32:44
net.dailylabs.daily_app,AI Journal Notebook - Reflectr,3891727d-2932-476a-b1fe-fe2431c2354c,Nicolas Atkinson (Nick),5,I surprisingly like it alot and have stuck with this much longer than other digital journals. I like the responses from the AI personalities because they seem to be constructive and well thought out replies.,2,2023-11-26 17:43:17
net.dailylabs.daily_app,AI Journal Notebook - Reflectr,34a8f49a-0345-4e37-915c-92fda5422532,Rhubarb,2,"Unhelpful for mental health content. I do understand the point and it suits a more casual usage. Responses were repeated mindless platitudes about being resilient and looking on the bright side that you can get from condescending people online anyway! Generic suggestions are given for solutions everyone knows already and the AI ignored if I say I've done them. It felt invalidating and patronising for someone with mental health issues, but otherwise is a good idea and works well, runs v smoothly.",2,2023-11-22 02:20:20
net.dailylabs.daily_app,AI Journal Notebook - Reflectr,fbd81df3-25d7-445c-93e4-a2db51741dd2,dreamie,4,"it had to grow on me at first, but I'm reaaally liking this app. journals tend to feel like an empty void for me sometimes, so it's nice that I can write something in this app and it can be interpreted in various ways. makes my writing feel rewarding, I guess... like my entries don't go unanswered.",3,2023-11-17 08:45:25
net.dailylabs.daily_app,AI Journal Notebook - Reflectr,4f367025-9a3a-446d-bbfa-cc96f1ecf39e,Niklas,5,"I usually don't write reviews but this app here definitely deserves it. I have never used such an intuitive yet simple journaling ap yet. It's newest AI integration update made it even better. If you're looking for a safe place to write your thoughts, experiences and thoughts down: this is it. Thank you for this safe place, I appreciate it a lot.",1,2023-11-07 08:52:39
net.dailylabs.daily_app,AI Journal Notebook - Reflectr,5c92759c-28e1-4e6f-a0e4-6225c577b284,Xana IV,5,Very insightful! I love it 💕,1,2023-11-06 02:19:30
net.dailylabs.daily_app,AI Journal Notebook - Reflectr,1bdfe7eb-b292-4e30-8776-6343f2e85fa4,Marcin Jasiukowicz,5,Is there support for multiple languages?,0,2023-11-02 19:28:00
net.dailylabs.daily_app,AI Journal Notebook - Reflectr,1c6e3717-a5a5-4687-83f9-2d4bcd1102d6,Rolan Rolan,5,"Best Journaling App! It literally gets better every single update. Bruv, forget about daylio. Y'all should delete that app, download this one. It's too good",0,2023-10-27 02:58:59
net.dailylabs.daily_app,AI Journal Notebook - Reflectr,5c5c81da-8123-4ccb-a9ff-cc3d7e81df69,Xeina Kingdom,5,Amazing so far ☆ I didn't think I'd use the app much but I actually am using it multiple times a day. Many thanks,0,2023-10-19 00:18:06
net.dailylabs.daily_app,AI Journal Notebook - Reflectr,3f396232-d504-4fd4-bd2a-d58362344108,Kreesan Pillay,3,"Cool so far, have to use it more to give better feedback though.",1,2023-10-17 22:23:47
net.dailylabs.daily_app,AI Journal Notebook - Reflectr,a4f11232-7638-4b10-9797-f8c5505458ff,Dennin,5,May. Not know now but one day they will,0,2023-10-13 05:30:46
net.dailylabs.daily_app,AI Journal Notebook - Reflectr,7ce0638e-099c-4f7a-b419-d9b77074830b,Khris edward Magsino,5,like,0,2023-09-21 17:19:00
net.dailylabs.daily_app,AI Journal Notebook - Reflectr,cbc0918a-b604-487c-b6b9-21d937bbe3ba,hank suszko,3,Do not break reflector mirror 7 years bad luck.,0,2023-09-21 09:45:05
net.dailylabs.daily_app,AI Journal Notebook - Reflectr,3fa1b6a9-b079-458c-bb38-e4b91322a0a4,Mark Romo,3,"At this stage of its evolution the app does not retain your draft. I have lost two lengthy drafts after answering a phone call or while momentarily switching apps — Deep thoughts, which are now lost in the void. The AI is alright, I guess. It does some minor analysis, nothing more. Nothing profound. I will update my rating when they fix the retention issue. [Samsung Galaxy S9]",14,2023-09-15 00:20:46
ai.turbolearn,Turbo AI - Notetaker,fd15afff-ebb4-4007-b995-e5f9e95e33cd,Mikal Tamang,5,literallyyyy the bestttt!,0,2026-02-19 12:53:44
ai.turbolearn,Turbo AI - Notetaker,af5afd5d-1e63-4ca5-9830-fe4d3c8ea99b,Pettkell Jamiella Meakoro,3,lovely app,0,2026-02-19 12:21:47
ai.turbolearn,Turbo AI - Notetaker,3840bed4-55b3-4890-8736-bdd5ccb44535,Amir Aman,5,very efficient way to top in you class,0,2026-02-19 12:15:40
ai.turbolearn,Turbo AI - Notetaker,a8af0f10-ca53-44ce-9d88-8d96003707d0,Christhea Fae SUMABAT,5,this make my study more easy,0,2026-02-19 11:44:25
ai.turbolearn,Turbo AI - Notetaker,a5ce79d0-e261-4641-a197-c1dea4a3337f,Mayang Codilla,5,I like how simple and easy it is and also very smart because it help me with my studies,0,2026-02-19 10:59:57
ai.turbolearn,Turbo AI - Notetaker,d3088633-2d5b-4f69-9ba5-76d7bf28776d,Abongwe Maloti,5,very informational and convenient to study with,0,2026-02-19 10:53:30
ai.turbolearn,Turbo AI - Notetaker,cbd91d7a-2d32-459f-9494-d85f233c2a52,jeffrey senal,5,I would love to try this app,0,2026-02-19 10:42:21
ai.turbolearn,Turbo AI - Notetaker,5c1eead2-1f83-4854-98b5-6dc33450ea1f,Godsbest Nwegwu,1,Bad,0,2026-02-19 10:34:45
ai.turbolearn,Turbo AI - Notetaker,6ea923a5-c7e2-40b9-8446-769e702ca6a7,Rahim Ludy,5,It is a great app.It's help us to make notes and other📚,0,2026-02-19 09:10:56
ai.turbolearn,Turbo AI - Notetaker,8e9117d3-eb7f-4859-822a-c7eb49466b99,LIFE RHYZEN,5,THE. BEST. 🔥,0,2026-02-19 08:38:58
ai.turbolearn,Turbo AI - Notetaker,9f31d214-b0c4-49ab-871e-5a06566d4695,Princess Sajulan,4,"i think its actually a great app and useful too, since I will be about to start using this app so that's why I only voted 4 stars!:)",0,2026-02-19 08:30:07
ai.turbolearn,Turbo AI - Notetaker,c3af79e4-b46c-4d7e-8ef5-d7c76d37bce5,Wise Man,5,great app,0,2026-02-19 08:13:34
ai.turbolearn,Turbo AI - Notetaker,64b3f4c9-d6f3-4691-aeaf-0fcfa1fe5fbb,Bassam Alolabi,4,idk i js started tbfr,0,2026-02-19 08:13:08
ai.turbolearn,Turbo AI - Notetaker,e9c653c6-613a-4cf0-83cd-7003065c397a,Lia Caprio,5,wow help me a lot,0,2026-02-19 07:10:58
ai.turbolearn,Turbo AI - Notetaker,a021596e-bf3e-4a3f-b3af-355e4da2c0d1,Anchal Kanujiya,5,it's a milestone for students !!!!,0,2026-02-19 06:17:07
ai.turbolearn,Turbo AI - Notetaker,b4dfab2c-3e5f-4b87-a63f-d9369adf413f,Sangeeta Yogi,3,charges are reqires for further studies,0,2026-02-19 06:04:19
ai.turbolearn,Turbo AI - Notetaker,6de3238e-d2d2-4542-a584-9f74efc92d3d,Iyanuoluwa Omoniyi,5,𝕡𝕣𝕠𝕔𝕣𝕒𝕤𝕥𝕚𝕟𝕒𝕥𝕚𝕠𝕟 𝕚𝕤 𝕘𝕠𝕟𝕖.,0,2026-02-19 03:26:25
ai.turbolearn,Turbo AI - Notetaker,f14690c3-6a24-4bf9-8749-e1e66eacdece,Sukanya Kairam,5,"one of the best apps,made me top my exams!!!!",0,2026-02-19 03:04:55
ai.turbolearn,Turbo AI - Notetaker,56e75ece-d32b-4ffb-a86f-153043a73768,Kaleab Seyoum,1,waste of money,0,2026-02-19 03:00:22
ai.turbolearn,Turbo AI - Notetaker,ded6763d-48f3-4edc-a793-c96a01bba48e,Farhan Ansari,4,good,0,2026-02-19 02:18:24
ai.turbolearn,Turbo AI - Notetaker,7a94d138-9e06-4109-9da7-1f345bd52c07,Maria Rafael,5,i love it it helps me,0,2026-02-19 01:57:51
ai.turbolearn,Turbo AI - Notetaker,aa9cb12c-ab70-4bc9-a38f-670c36f02d9d,espu shahi,5,This app is great! My studies seem to be better and my grades are improved. Not only those but the explanation are easy to learn and the app is easy to use too. 5 stars for a great app.,0,2026-02-19 01:09:39
ai.turbolearn,Turbo AI - Notetaker,84296683-3df0-41c6-8d00-3333c70dd5a2,Tiffany Reyes,5,it helps,0,2026-02-19 00:50:18
ai.turbolearn,Turbo AI - Notetaker,961bd165-c073-4627-8f1f-9e28d8f7c241,Rethabile Ratau,3,Not sure about it yet but still trying,0,2026-02-19 00:08:33
ai.turbolearn,Turbo AI - Notetaker,31989726-be30-479a-b217-1e212852ff4a,Abdul Haddi,5,good,0,2026-02-18 23:35:15
ai.turbolearn,Turbo AI - Notetaker,37952952-6ab3-4e6e-b85e-397d202fdc2b,berenice koopman,5,its good so far,0,2026-02-18 21:25:18
ai.turbolearn,Turbo AI - Notetaker,a8b7586a-366d-4890-bfc4-77b69efa86d1,Nobuhle Dludlu,1,I cannot upload anything. this app is not helping me the way it says it does and now am more frustrated than when I did not have the app. please fix this immediately.,0,2026-02-18 19:06:45
ai.turbolearn,Turbo AI - Notetaker,73e9405f-34c8-4d6a-90a7-1d55df60bb0e,Pererat David Gyang,5,very phenomenal,0,2026-02-18 17:55:07
ai.turbolearn,Turbo AI - Notetaker,595bc650-4289-4d2b-a0f5-02b741dbff49,Johana Dumpacc,5,nice!,0,2026-02-18 17:40:31
ai.turbolearn,Turbo AI - Notetaker,20144b13-996e-49d8-b825-6a31e15ff597,jad rizk,5,IM LITERALLY OBSESSED THE BEST STUDY TOOL LOL OMG SIGMA RIZZLER,0,2026-02-18 16:50:03
ai.turbolearn,Turbo AI - Notetaker,bff7e071-f6c1-4900-9b88-bc07cd7bf652,Rethabile serumula,3,meh.,0,2026-02-18 16:36:53
ai.turbolearn,Turbo AI - Notetaker,bbf960a8-a9e2-4a56-a2c4-2b8129883c3d,robertleo john,5,it's tecnology is so great I've been inspired by youtube to try this amazing app,0,2026-02-18 16:14:11
ai.turbolearn,Turbo AI - Notetaker,f8390ffa-0805-442c-a9a2-26ffb656dfe3,Peyton Damon,5,wonderful,0,2026-02-18 14:56:19
ai.turbolearn,Turbo AI - Notetaker,a18cf88e-877a-4395-9d2d-a6dccb4c0ff5,Michael Bortey,5,makes focusing on lectures easier since it takes notes in your stead,0,2026-02-18 14:51:09
ai.turbolearn,Turbo AI - Notetaker,40f96eef-cf62-4676-8177-01e4695508d6,dachi khukhia,3,people say its good but many dont understand it like me so idk,0,2026-02-18 14:34:26
ai.turbolearn,Turbo AI - Notetaker,b420e438-ab61-46a2-a528-94762f73407c,Oluwabusoĺami Ayoola,5,I find it very helpful,0,2026-02-18 14:28:06
ai.turbolearn,Turbo AI - Notetaker,ba2bc597-1f21-4330-9298-720281c070ec,Ryan Sibeko,5,best ever !!,0,2026-02-18 13:25:03
ai.turbolearn,Turbo AI - Notetaker,2cf9266d-851b-4cd5-bace-3d180e734e21,M A,2,app always crashes😞,0,2026-02-18 13:24:17
ai.turbolearn,Turbo AI - Notetaker,8c1c3044-0024-45c4-b4a8-5ff8e2eac36e,จิรเมธ ช่างสัน 1,5,"The explanation on Biology is really good, that i understand it more than my class!",0,2026-02-18 13:23:30
ai.turbolearn,Turbo AI - Notetaker,01ba446c-82c5-43a1-ba47-0df5e01f6fe7,Devendra Kashwa,5,it's really really really great api highly recommend to create structures notes on the run or in hurry time,0,2026-02-18 13:14:55
ai.turbolearn,Turbo AI - Notetaker,c15ff0df-230e-4740-8e33-1e9d87fa6d93,Irza Mariyam بنت اكبر,5,it is very useful for studying,0,2026-02-18 13:12:38
ai.turbolearn,Turbo AI - Notetaker,8aa04c69-3cd9-412b-b85f-2f337454022d,Patricia Pickering,4,so far so Great 👍,0,2026-02-18 13:09:33
ai.turbolearn,Turbo AI - Notetaker,f70d6dbb-451b-41fc-b31f-ca241089cd85,reguipeule kikon,5,"Just started using it and I'm already hooked to it! It's easy to understand, summarizes it and asks us questions when required! I love it.",0,2026-02-18 13:09:01
ai.turbolearn,Turbo AI - Notetaker,5570c44b-04eb-4930-8890-c503ff846202,Master Ofmath,4,I love the innovation it goes to show that nothing is impossible,0,2026-02-18 12:36:49
ai.turbolearn,Turbo AI - Notetaker,e9e9d99e-87a1-4c1d-aa62-a2e3e2bc7254,Lelia Nuradelia,1,ish letak la bahasa melayu aku ni nk belajar juga indo ade boleh pulak,0,2026-02-18 12:30:20
ai.turbolearn,Turbo AI - Notetaker,4e27c811-611d-452d-bd4f-84bee43a95ea,Aizen Syle,5,Wonderful,0,2026-02-18 12:23:47
ai.turbolearn,Turbo AI - Notetaker,532d6851-e807-4b67-87b9-fdb27310f9b7,benny wayne,5,good,0,2026-02-18 12:08:06
ai.turbolearn,Turbo AI - Notetaker,d4e0e00d-e57d-4801-94ec-8c2a7ba23be4,Kophyo Kophyo,5,good but there no primary,0,2026-02-18 11:59:13
ai.turbolearn,Turbo AI - Notetaker,c10f03dd-5bd5-4068-8520-3c584e2eb19b,Edmel Danica ponce,4,it's very useful,0,2026-02-18 11:33:35
ai.turbolearn,Turbo AI - Notetaker,5bc0bd0f-e54a-442b-9cc4-013e27f49509,MG AUNG MYAT,5,nice,0,2026-02-18 11:25:16
ai.turbolearn,Turbo AI - Notetaker,93a26fa1-256f-4ea7-92bd-ee45cab590fd,Rabiya Parveen,1,the app is not working,0,2026-02-18 10:48:29
ai.turbolearn,Turbo AI - Notetaker,71302846-a9b2-4a29-83b5-afb2db5f68c8,Hareem Hareem,4,Is it good for prep you exams,0,2026-02-18 07:51:53
ai.turbolearn,Turbo AI - Notetaker,76a1ebc1-4b19-46f4-8ddb-bef58a1d9d4b,Avadzi Jerry sedem,4,good,0,2026-02-18 07:46:56
ai.turbolearn,Turbo AI - Notetaker,0c09819e-22da-40f9-be7f-772965d5351d,Surshti Rajaput,1,nice 🙂✨,0,2026-02-18 07:03:19
ai.turbolearn,Turbo AI - Notetaker,deac04d0-532b-47f4-a65d-94fb2619d145,yasmin sciberras,5,its great,0,2026-02-18 06:19:03
ai.turbolearn,Turbo AI - Notetaker,b4c4b4a3-085f-411d-bf3d-29d7280f4702,cathrine kabaso,1,perfect 👌,0,2026-02-18 05:41:53
ai.turbolearn,Turbo AI - Notetaker,0c61ae02-75c4-448a-8ebc-1242735bdbea,Tejasvi,5,it's amazing 😀,0,2026-02-18 04:15:52
ai.turbolearn,Turbo AI - Notetaker,610b1be0-af5a-469b-a5e1-5415ccf0c8f7,"BACANTOS, ALBERTO JR.",5,excellent app for studying,0,2026-02-18 00:45:06
ai.turbolearn,Turbo AI - Notetaker,c58ceeae-a0f3-4e29-96a2-d58205a83ea7,Tapon Das,5,everything i wanted,0,2026-02-18 00:44:24
ai.turbolearn,Turbo AI - Notetaker,e4a3dd2c-3d3b-44a9-b9d2-a4d5c24deab6,Fatima Khandeshi,5,it's the best 👌,0,2026-02-17 19:22:07
ai.turbolearn,Turbo AI - Notetaker,58c275ab-addc-4efb-a53f-141920b181d2,Mihlali Plaatije,3,beautiful,0,2026-02-17 17:43:10
ai.turbolearn,Turbo AI - Notetaker,3f8d63e4-93cb-459c-b738-439a072615d5,abhishek singh,3,it's good,0,2026-02-17 17:22:15
ai.turbolearn,Turbo AI - Notetaker,d7776796-99de-461d-bd33-12a581024b9e,R Phougat,5,nice,0,2026-02-17 16:49:59
ai.turbolearn,Turbo AI - Notetaker,09103190-ba16-4953-8078-d60fd6b2e5b0,Tylor Perold,5,simply lovely,0,2026-02-17 16:48:08
ai.turbolearn,Turbo AI - Notetaker,c050471b-dd2e-4f44-b771-d918ec1bec95,Subhadra Yadav,5,goated,0,2026-02-17 16:41:25
ai.turbolearn,Turbo AI - Notetaker,ea99e63e-d8b9-4a2b-b502-0e6b105571a3,Tabassum Sadi,5,turbo is extremely fun and good,0,2026-02-17 16:29:18
ai.turbolearn,Turbo AI - Notetaker,d909d663-220a-482c-9863-df4d034487a8,Prijanashrestha Prijanastha,5,love it,0,2026-02-17 15:54:34
ai.turbolearn,Turbo AI - Notetaker,dd5568a8-baf6-4200-9b99-14bf02f4da96,TheMortar V,1,This App lowkey sucks I saw it on tiktok and thought hey maybe i should use this since my exam is tomorrow but i cant even upload 1 pdf its stuck at 91 and saying 21 seconds left for 15 minutes,0,2026-02-17 15:40:46
ai.turbolearn,Turbo AI - Notetaker,d6943a2b-77b2-4d5a-9da4-ab3971a35d3b,Lashayl Naidoo,5,very helpfull,0,2026-02-17 15:25:18
ai.turbolearn,Turbo AI - Notetaker,d0bcef0b-ea16-4690-97d3-9939910f92c8,Pratima Huidrom,5,Nice,0,2026-02-17 14:16:59
ai.turbolearn,Turbo AI - Notetaker,73582996-a9c5-4cf4-9531-35e0e140be99,Julian John,5,it helps a lot with exams as you can learn with easy notes and more,0,2026-02-17 14:06:25
ai.turbolearn,Turbo AI - Notetaker,9f452d06-3104-4c98-b014-334271d5cca7,2.0 gamer,5,Great works,0,2026-02-17 13:57:48
ai.turbolearn,Turbo AI - Notetaker,0fbfd9df-6638-4a08-bf42-1a59caf8b854,Shamcey Evanoso,5,its nice,0,2026-02-17 13:57:03
ai.turbolearn,Turbo AI - Notetaker,b6e6bb20-a232-482b-aed8-8ac8503fe1ad,Trí Dũng,5,👍,0,2026-02-17 13:42:01
ai.turbolearn,Turbo AI - Notetaker,8ad0fc37-ffff-419f-871d-7ad9edc6afe2,Adith Praveen,5,best ai app for students,0,2026-02-17 13:40:26
ai.turbolearn,Turbo AI - Notetaker,0459ff32-3d98-434d-b1eb-91ebe5e6de71,Unais Mamun,5,nice,0,2026-02-17 13:30:15
ai.turbolearn,Turbo AI - Notetaker,bff6a1af-5dea-409f-95d6-a3a788229555,Joanitor Namukulwa,2,this is my first time,0,2026-02-17 13:25:44
ai.turbolearn,Turbo AI - Notetaker,e1a74ff7-d37a-431e-825a-7e5bb13869d0,Mohd Zahid Ansari,5,just amazing,0,2026-02-17 11:48:29
ai.turbolearn,Turbo AI - Notetaker,c708c4d8-2288-46ce-bbdf-bcfd74c719ae,Angela Weiss,5,good,0,2026-02-17 11:44:08
ai.turbolearn,Turbo AI - Notetaker,a2f3f9b5-8a8b-439f-8c87-546d58dd6168,jagdish marrapi,5,best AI for education,0,2026-02-17 11:29:42
ai.turbolearn,Turbo AI - Notetaker,05b2d64e-cb3e-4fec-83e4-ae13ff37a272,Muhammed Shajeer,5,wow,0,2026-02-17 10:58:49
ai.turbolearn,Turbo AI - Notetaker,5b5bcb25-4474-4df3-ab3e-7025dcaac59c,Miya Maya,5,very useful,0,2026-02-17 10:36:38
ai.turbolearn,Turbo AI - Notetaker,d8a5a948-5526-40e1-8b7f-f6b454fe5aba,Breshna Eefa,5,so good,0,2026-02-17 09:34:51
ai.turbolearn,Turbo AI - Notetaker,66b207bb-812a-4d50-846a-e66bb8197b97,Grillo Abdulrahman,2,just started using it so let's see how it goes,0,2026-02-17 09:13:28
ai.turbolearn,Turbo AI - Notetaker,9a1a348d-c3bd-419c-a90b-327011b01ebe,Creazy god Lungphi,5,very good,0,2026-02-17 09:06:23
ai.turbolearn,Turbo AI - Notetaker,c635bd03-2149-44b1-ba8a-c0b40705489d,Adriano tañiza,5,this is insane,0,2026-02-17 08:58:53
ai.turbolearn,Turbo AI - Notetaker,8d0cb97f-6337-4638-aaf2-6ffcb1b93660,OGUNDOLA Zion,5,It's Awesome,0,2026-02-17 08:48:22
ai.turbolearn,Turbo AI - Notetaker,ca48579e-0226-4500-bef0-9b6c1fb872bd,Lourdes Jimena,1,"I was genuinely impressed with this app at first. It created a podcast, summarized my notes, and generated quizzes effectively, which were very helpful for studying. However, I was disappointed to learn that the free access was limited to one trial when I tried to upload a second file. While I understand the need for premium features, the subscription cost feels quite expensive for students. I hope more affordable options can be offered in the future.",0,2026-02-17 08:42:27
ai.turbolearn,Turbo AI - Notetaker,6d9615d1-3935-4f96-84a0-641981319106,summer hayley Managtag,5,it's amazing for students,0,2026-02-17 08:42:22
ai.turbolearn,Turbo AI - Notetaker,6ea17704-c04a-4626-b365-8b63ffe1eea3,Jessica Sapkota,5,this is really fun and smart work,0,2026-02-17 07:51:54
ai.turbolearn,Turbo AI - Notetaker,cc08d555-b38c-4663-aa9d-e31095d977c0,Ezekiel Jacob Dela Peña,5,u haven't TRYED it but I heard it was really amazing to use,0,2026-02-17 07:32:12
ai.turbolearn,Turbo AI - Notetaker,bdeeb546-bf8e-4882-a6d6-462fd8eeec66,Oluwadamilare fridaus,5,amazing,0,2026-02-17 07:28:58
ai.turbolearn,Turbo AI - Notetaker,dbfa3a7e-e9d9-4088-b70d-c8f0483290df,David Olajide,5,great,0,2026-02-17 07:18:25
ai.turbolearn,Turbo AI - Notetaker,e085718f-8543-4800-8a38-62e067801c51,Jazmine Tolentino,5,got w/ high honors so hard to ace especially with our grading system,0,2026-02-17 07:05:19
ai.turbolearn,Turbo AI - Notetaker,4cba0698-da5b-43dd-abd0-93a469bd8f67,Paakwesi Baidoo,4,it's really helpful,0,2026-02-17 06:26:35
ai.turbolearn,Turbo AI - Notetaker,9fe2ceeb-e06f-4849-9128-09a0cc49f5a0,Preciousn Ndlovu,5,I've just started using it can't wait to see how it goes,0,2026-02-17 06:15:56
ai.turbolearn,Turbo AI - Notetaker,e88f1481-e349-44e8-a7b0-2306fced9bdb,Rose ann Cabrera,1,it has bad service,0,2026-02-17 06:07:40
ai.turbolearn,Turbo AI - Notetaker,98d2cc78-b1af-42af-8619-f3bba2326cad,Shay Wright,5,mannnn,0,2026-02-17 05:33:51
ai.turbolearn,Turbo AI - Notetaker,a8c954d6-c760-46a3-bf3d-293e558f8c2d,Reamogetse Rammedi,5,good,0,2026-02-17 05:27:43
ai.turbolearn,Turbo AI - Notetaker,7a4fdf07-1d2d-482b-b7bb-663365d3663d,Elyn Cavillion,5,it's very helpful even though I have an exam tmrw I'm trying the turbo ai but it turns out I got a perfect score in AP and science,0,2026-02-17 04:54:26
com.aisense.otter,OtterAI Transcribe Voice Notes,e30e10e7-a624-450b-8c75-7261695ad593,Rony Ahmed,3,"no full text copy option, very frustrating while making notes",0,2026-02-19 08:37:18
com.aisense.otter,OtterAI Transcribe Voice Notes,596bdca9-095b-4400-83cc-c4742a97c0d3,molly schiff,4,very helpful for Library Board meeting minutes.,0,2026-02-19 07:27:25
com.aisense.otter,OtterAI Transcribe Voice Notes,73060ddc-4bb4-4dd0-b8f7-90ccee52a8ae,Kenneth Williams,2,The 'bug fix' on android completely got rid of the widget.,0,2026-02-19 05:41:05
com.aisense.otter,OtterAI Transcribe Voice Notes,6d83c83d-22c8-4e27-b7be-faf570101cca,Chris Perkins,4,I really like this app but in order to upgrade to pro it says I need to contact my admin. Who is my admin? I am an individual user not a company,0,2026-02-19 04:38:27
com.aisense.otter,OtterAI Transcribe Voice Notes,f5ab16fd-ec1d-4acc-b637-a632a7507ce9,Samuel Okpala,5,exceptional,0,2026-02-16 14:58:01
com.aisense.otter,OtterAI Transcribe Voice Notes,9589337f-8227-4a3b-8629-83ea9838c17c,Julianne C,2,I can't sign it it just loads up the page and says error,0,2026-02-15 00:23:25
com.aisense.otter,OtterAI Transcribe Voice Notes,de7fc160-fe5e-40af-8f24-63d8192a4a7b,Valeriana Cruz Noyola,5,I Appreciate Otter ai alot for helping with my classes when I can't recall my last lesson on math and appointments that have a long list of task that I had to do before leaving. This has helped me stay on track and remain confident knowing what to do after listening or reading through the recordings to understand my assignment giving me the opportunity to have a better grade.,2,2026-02-14 21:53:07
com.aisense.otter,OtterAI Transcribe Voice Notes,b988f2f3-2311-4ed1-8829-641151169979,Steve Lachaine,1,"Beware, on the final day of the trial, the company will charge for a full year’s subscription. Attempts to secure a refund after being billed for a subscription were unsuccessful. I had to review Otter, to assess its use in academic and legal contexts, involving academics, trial lawyers, expert witnesses, and judges. Otter struggles significantly with accurately identifying speakers. Additionally, the transcription output consists of numerous short sentences, rather than cohesive paragraphs.",2,2026-02-14 20:40:01
com.aisense.otter,OtterAI Transcribe Voice Notes,895b7dbb-68e2-4e01-b450-5d7f67546ef1,Themba George,5,otter is perfect to communicate is very fast to process the Information .It is perfect when you report the meetings .Is designed in a clear way by profession.,0,2026-02-14 15:27:13
com.aisense.otter,OtterAI Transcribe Voice Notes,869a0297-1c6c-45fb-a8e6-e83e1ef44eb9,armystrong6920,5,works perfectly for my needs!,0,2026-02-13 14:12:41
com.aisense.otter,OtterAI Transcribe Voice Notes,9a7e49a7-4884-4fdf-9323-a03e500f124b,Dr Mantis Toboggan,1,utterly useless. catches every 3rd word if youre lucky. dont bother,1,2026-02-10 05:43:49
com.aisense.otter,OtterAI Transcribe Voice Notes,96e8887d-e572-41b3-90d9-5cbe29deaa0a,Coordinado de servicios INPROCSA,5,exelent. a great help,0,2026-02-06 19:45:04
com.aisense.otter,OtterAI Transcribe Voice Notes,e7fa3ddc-01a6-4ead-90a7-6396115f7313,Krista Errickson (blacksheep_nation),1,"Update to Dev reply: 15 yrs as a legacy sub! loyalty means NOTHING. Steep price hikes, reduced benefits, developing AI LAGS.. In one month, my record minutes reduced by 75%! New tiers are the equivalent to an airline's Economy Class Plus. IDGAF ""it costs to develop new features"", charge more? OK. But limit exports 90% to my own PC? That's just greed. busineses can absorb costs. Self-employed? freelancer? You'll go broke. Hike fees, reduce exports, while holding your archive hostage.",109,2026-02-06 05:57:53
com.aisense.otter,OtterAI Transcribe Voice Notes,71e639dc-8a3a-458c-8e9f-8d5b8e24b09c,Jaima Cobb,5,"Use it for school, very helpful and easy to use.",1,2026-02-05 20:39:57
com.aisense.otter,OtterAI Transcribe Voice Notes,fae16a59-0d51-42e5-8029-0289052024e9,David Finkelstein,3,"seems limited. most of the time it can't distinguish between 2 speakers talking so it combines them together, getting it wrong. I think these kind of products will eventually be free from Google it's only a matter of time.",3,2026-02-05 06:18:15
com.aisense.otter,OtterAI Transcribe Voice Notes,54480f5f-2881-46b1-ba41-3c93d21bacfb,Mellom William,5,not good,0,2026-02-02 17:21:31
com.aisense.otter,OtterAI Transcribe Voice Notes,6b502460-d906-42ae-b57b-0f7b8171da7d,Albert Graham,5,How can I upgrade,0,2026-02-01 14:49:27
com.aisense.otter,OtterAI Transcribe Voice Notes,d6208f66-5ce5-42b7-9a1b-ff43d9496bae,Natalie Bartlett,4,"amazing app, so so helpful- it just doesn't let you upgrade to business on the app hence the loss of 1 star. They acknowledge even on the app that this is a flaw however they haven't done anything to fix it. Other than that, great app.",0,2026-02-01 11:54:36
com.aisense.otter,OtterAI Transcribe Voice Notes,7f6645e7-25de-4006-9b82-5327c633471a,Yash Soparkar,1,Why @otter_ai don't provide Business plan for android app version ? I'm ready to pay the amount but only Pro plan is available in Android app version😔 I request to provide Business plan features in Android also becz 10 audio imports per month in Pro version is not enough. Also pls increase the limit of 90 mins audio recording import to 180 mins atleast 🙏,1,2026-01-31 23:08:21
com.aisense.otter,OtterAI Transcribe Voice Notes,9a18caa0-d8f8-4d2d-a011-1c8abdcb0c26,Kabanda Joseph,5,Otter is really a great app. It has enabled me to fully follow up my online sessions. l am so grateful to otter.,0,2026-01-28 12:07:58
com.aisense.otter,OtterAI Transcribe Voice Notes,a1fc882e-df6a-4808-a08f-0c4f99bbc92e,Oool Fjolkunnigr,4,"It works good nuff, I wanted it for writing down my dreams. OTTER gives you 3 sound file uploads free but only one time ever, then you need to pay monthly /yearly BIG $. good news boys and girls🤑upload your sound file into gemini it transcribes it flawlessly in seconds. Then just copy it onto your clipboard and paste it any where you want. 100 files a day free, max 5 min max each file. Yay Gemini 🤠 sorry Otter devs. If the price had been more reasonable i would not have tried gemini..",3,2026-01-28 10:01:19
com.aisense.otter,OtterAI Transcribe Voice Notes,20004345-21b6-4c4a-b77f-220bdf65c775,Mike W,2,App has gotten super finicky. I'll dictate notes for myself over 10+ minutes and come to find that it deleted the recording or can't process the recording,1,2026-01-27 21:35:50
com.aisense.otter,OtterAI Transcribe Voice Notes,fc19b1e6-1276-4429-92b9-a46b458265e6,Mark F,5,amazingly great tool for those zoom meetings that are a bit of a snooze fest,1,2026-01-27 03:20:22
com.aisense.otter,OtterAI Transcribe Voice Notes,6e5416dd-7c80-483a-a5b5-1d467e78d721,Thomas Cothran,1,does not let you continue a conversation. the ai assistant gives incorrect advice,1,2026-01-26 21:12:13
com.aisense.otter,OtterAI Transcribe Voice Notes,7eaab9ed-874b-40c6-b251-c444aec06a71,bruce lambert,1,"at one point in time, a great program. But customer service has become non-existant. Sorry, just not worth the headache any more....",1,2026-01-26 17:12:22
com.aisense.otter,OtterAI Transcribe Voice Notes,087ab677-1dfc-472c-be07-0404e4e0a411,Kathiravan M,5,"Amazing app! 🎙️✨ Voice capture is very accurate even in a running car 🚗. Tried many similar apps, but Otter is the clearest and easiest to use. Highly recommended! 👍Thank you",5,2026-01-26 04:39:36
com.aisense.otter,OtterAI Transcribe Voice Notes,d7ba2028-c8cb-4731-b2f8-94de63593bbf,Anton Kazmin,2,"unfortunately limited access to Microsoft Teams, no multi language meeting support. Limited editing functions. Had paid subscription, looking forward coming back once fixed",0,2026-01-25 09:58:09
com.aisense.otter,OtterAI Transcribe Voice Notes,4e42a04d-8c93-4762-845b-6dae29e6e6b2,Martin Rasmussen,1,Ran out of transcription space without notice and couldn't upgrade from the app..,1,2026-01-25 05:07:32
com.aisense.otter,OtterAI Transcribe Voice Notes,c6d3ba7b-064e-4e17-8810-26e9b3fbffac,Horat Cocles,1,"pain in the can to log into, then wouldn't upload the vid I needed to transcribe.",2,2026-01-24 06:20:11
com.aisense.otter,OtterAI Transcribe Voice Notes,d7539b37-663a-4cca-81b0-d5175479e7c2,Joli Nux,1,ليس جيدا أبدا,1,2026-01-23 21:55:24
com.aisense.otter,OtterAI Transcribe Voice Notes,84e62ae9-5aee-412e-a5a4-d44a09f3782f,Roger DAT,1,"Tried this 3 times now and total BS. Recorded 1, I mean ONE WORD and that's it. Terrible, take notes on paper until they figure this out on Android Auto. Terrible for now, I even hit the RECORD BUTTON but nothing 😥",1,2026-01-22 18:53:29
com.aisense.otter,OtterAI Transcribe Voice Notes,57a4c13d-d798-4225-b2b5-75fef811296a,A McIrish,2,Paid for Pro and not impressed. When I had the free version it recorded the meeting so much better than the pro. I saved the meeting to one of my folders...It erased it. It's gone. It seems like I'm paying for minutes but not better services. Hope works better for the third meeting next week.,1,2026-01-22 16:49:20
com.aisense.otter,OtterAI Transcribe Voice Notes,f161fd32-1150-48e2-aba4-94040c8d10e7,Little Lim,5,noice,0,2026-01-22 09:03:08
com.aisense.otter,OtterAI Transcribe Voice Notes,51bd1b4c-8600-4632-a71c-5cf77c80df57,Gemma Robinson,1,"Was only able to handle very small conversations (only up to 5 minutes) before it wouldn't upload the file, and the transcriptions weren't very accurate, so I've deleted my account and uninstalled. I was only trying to transcribe personal files but i wouldn't trust this service for a business at all.",0,2026-01-21 21:55:22
com.aisense.otter,OtterAI Transcribe Voice Notes,0803284b-58e7-480c-88b3-461005d5d321,Jacob Barker,1,expensive,1,2026-01-21 21:46:07
com.aisense.otter,OtterAI Transcribe Voice Notes,1d418054-d291-422b-9b28-dcc98ed0f2a2,A Bo,2,Signed up as pro trial and says I need to sign up and can't use anything! rubbish. password change did not update!,1,2026-01-21 11:16:44
com.aisense.otter,OtterAI Transcribe Voice Notes,fc5625ec-6fab-4d95-82da-5752400c3e4a,Elsewhere Nonstop,2,"doesn't work on a professipnal level ,don't waste your time if your recording has alot going on like people talking over each other.",2,2026-01-21 00:02:24
com.aisense.otter,OtterAI Transcribe Voice Notes,d5e5e7fa-8755-42b9-9dc4-42879b064d9f,Viorica Girbu,5,💕,0,2026-01-20 12:25:37
com.aisense.otter,OtterAI Transcribe Voice Notes,85c47276-ad96-4067-853c-6d380a416433,Jack Carroll,5,Long time user. 5 stars.,0,2026-01-19 12:32:12
com.aisense.otter,OtterAI Transcribe Voice Notes,205b8ba7-cc34-4bc9-b4b9-68995bac2495,Roba Gh.,1,the app deducted the subscription from the procard automatically although I limited my subscription plan,1,2026-01-18 09:51:42
com.aisense.otter,OtterAI Transcribe Voice Notes,9ac88da4-201b-4874-a051-3187e3615b12,Tom Spencer,1,"can't cancel the free trial, avoid",1,2026-01-16 02:13:05
com.aisense.otter,OtterAI Transcribe Voice Notes,1989ccb2-7d51-421a-8148-7313f7dc5192,Justine Muge,5,👍🏼,0,2026-01-15 02:20:09
com.aisense.otter,OtterAI Transcribe Voice Notes,5de6851e-03e1-4c22-b2a1-e129234184ee,Lubomba Simulilika,5,it's a great app,0,2026-01-14 14:08:38
com.aisense.otter,OtterAI Transcribe Voice Notes,af739119-29fe-435a-8b57-9bd53eb35db2,Scott Long,2,"On my Pixel phone, Otter recording is automatically paused whenever a phone call starts, including Wi-Fi calls, with the message “Recording paused while a call is in progress.” This happens even if recording is started first and the call is on speakerphone. As a result, same-device call transcription does not work. Dial-in call recording is also not available on the Pro plan, which was not clearly disclosed.",2,2026-01-12 18:09:01
com.aisense.otter,OtterAI Transcribe Voice Notes,0aa7c182-3ad5-4bd9-aa88-e72d3c96b465,sam martone,1,I deleted it within the first 3 minutes as soon as it said for this much we upgrade I was under the impression it was free it didn't even work,1,2026-01-11 23:31:23
com.aisense.otter,OtterAI Transcribe Voice Notes,4c519b77-a14b-46bd-ba2d-e8494cf9a798,Maziar Arbaban,1,"not helpful for the interna call, I wish I could cancel it",1,2026-01-11 20:54:30
com.aisense.otter,OtterAI Transcribe Voice Notes,b9639beb-ee3b-495d-bb11-34f3b0d9885c,Matthew Reynolds,5,Great for all kinds of now taking. just got record button and it does the rest weather your listening or talking it is a huge help and great for pulling information and summaries,1,2026-01-11 16:05:00
com.aisense.otter,OtterAI Transcribe Voice Notes,12dc4f80-06ff-4c34-b031-7a24165fb939,Aysha Salie,1,"There's no basic option to record a conversation, meeting or voice note.",1,2026-01-11 11:36:27
com.aisense.otter,OtterAI Transcribe Voice Notes,e914662b-1852-4ffd-977d-2f47251666c8,Helponthewaynwa,5,interesting idea,0,2026-01-11 10:35:49
com.aisense.otter,OtterAI Transcribe Voice Notes,10034bf3-caaf-4880-812c-e08287530f07,Mike Everett,1,Too many limitations for a monthly subscription. 👎🏾,1,2026-01-09 19:25:40
com.aisense.otter,OtterAI Transcribe Voice Notes,023c3f2b-4109-4f43-895a-f65aedc64730,John Holden,1,"First, there is no customer service by phone. I bought the full pro version and I can't get it to work. And customer service is trying, but they cannot help effectively.",2,2026-01-09 01:52:32
com.aisense.otter,OtterAI Transcribe Voice Notes,4851ee05-6a12-4a90-9bd7-a697846de2c5,Jeff Buschelmann,5,used for the first time at a meeting. worked perfect,1,2026-01-08 02:54:43
com.aisense.otter,OtterAI Transcribe Voice Notes,a05b3b67-ca41-4c15-8a17-3354062e8d29,David Hatchett,2,"tried the free version, it did transcribe the meeting but then somehow lost the transcript",1,2026-01-08 00:22:22
com.aisense.otter,OtterAI Transcribe Voice Notes,851dd37f-4551-4902-aaa9-ccabae025d7c,KARTHIKEYAN S,5,Great!!!!,0,2026-01-07 06:26:24
com.aisense.otter,OtterAI Transcribe Voice Notes,49f967fc-54e7-4b84-abef-a4c53bf1fb92,Crypto Junkie,1,"I signed up for this app less than a month ago and already found issues. I did a one-week Business trial then switched to the Pro plan without knowing all the limits. A week isn’t enough time to test everything, especially around the holidays. I can’t download in bulk and uploads feel limited, which pushes you to upgrade to Business. The website glitches and is different from the app. I sent screen recordings but support gave wrong instructions, run around, and hasn’t helped escalate my issue.",0,2026-01-07 00:17:21
com.aisense.otter,OtterAI Transcribe Voice Notes,bdaed022-6c6d-472b-b401-4bb897b8dd2e,xxxm0ris,1,i NEVER subscribed to this!! i have never downloaded or even heard of this app and suddenly i have a €20 a month subscription?! scam first clas!!,0,2026-01-06 23:14:59
com.aisense.otter,OtterAI Transcribe Voice Notes,46e027ec-ddb5-42a6-b8e9-d0fab8074626,James Porter Jr,1,Refuse to open on my Galaxy A16,0,2026-01-02 17:10:52
com.aisense.otter,OtterAI Transcribe Voice Notes,74586058-f6a8-4029-84d4-4bb944c16ea8,Google Account,1,"Now if you don't have notifications turned on (which I haven't for many years), it will have a spammy pop-up trying to convince you EVERY TIME YOU OPEN THE APP",0,2026-01-01 12:20:18
com.aisense.otter,OtterAI Transcribe Voice Notes,3c8768d4-47fb-4864-91e6-affbfcf6fbb2,Maciej Ozdoba (Matthew Ozdoba),1,scam.,0,2026-01-01 09:08:46
com.aisense.otter,OtterAI Transcribe Voice Notes,6855b759-a93a-48e2-8386-76d6f05cb0de,Karen Bobic,3,I actually uninstalled the app on my phone and it still keeps trying to record on zoom. How do I stop it from recording?,0,2025-12-29 03:25:08
com.aisense.otter,OtterAI Transcribe Voice Notes,9b96b13f-70ea-437f-b7cf-66fec932b88c,Ian Munro,1,"worsening transcription, unreliable recording. long time user of various tiers but service has gotten worse in every way and more expensive. now it seems it will delete recordings if it can't upload recordings in the short term. second time I've been burned now. avoid.",4,2025-12-28 23:56:07
com.aisense.otter,OtterAI Transcribe Voice Notes,65f1670e-eef3-4cb3-a94c-e62325a039a6,B14,1,By adding the In app purchases this full of greed developer turned this app into trash shame on you guys 😤,0,2025-12-28 03:40:24
com.aisense.otter,OtterAI Transcribe Voice Notes,10e10c45-e7ee-4ca8-8769-9216f9955c2a,Deirdre Millman,4,"I just started using this today, and for free, it's a great product!",0,2025-12-27 18:27:01
com.aisense.otter,OtterAI Transcribe Voice Notes,a40afc83-c46e-4d09-8238-e111a7040c66,Statesman,1,record for free...then you have to pay to listen to old files...trap,0,2025-12-27 17:39:56
com.aisense.otter,OtterAI Transcribe Voice Notes,36a5f1f6-97d4-40dc-9901-e3aa5aaaed0d,Sandra Jones,1,"I’ve used Otter.ai about a month and find it frustrating. The website is glitchy and won’t bulk move records to folders even though the phone app does. The Pro plan feels no better than free still limited bulk sharing, downloads, and only 10 uploads/mo despite 1200 mins. Downgrading from Business shouldn’t strip features. They force upgrades to get basic functionality I need. They don't have a away to record calls and transcribe them which are also meeting notes for me. Not worth it for my use.",0,2025-12-25 13:53:10
com.aisense.otter,OtterAI Transcribe Voice Notes,9a6ba1ed-60f6-420d-a41f-dbc1d0d99608,basheer raad,4,"very good app and life saver Missing star: only one thing annoyed me, if i subscribed from the website, i can't cancel subscription from the mobile app. i should be able to manage my subscription from mobile app regardless where and when i subscribed.",0,2025-12-25 10:06:40
com.aisense.otter,OtterAI Transcribe Voice Notes,e630b8e7-b135-434a-8dff-5a905997a9e3,Msindisi Mngojo,5,exceptional,0,2025-12-24 21:16:45
com.aisense.otter,OtterAI Transcribe Voice Notes,2e9367c1-a088-4789-8307-97f8f3983baa,mahendra singh,1,west of time,0,2025-12-22 17:32:40
com.aisense.otter,OtterAI Transcribe Voice Notes,2e7c3b39-11b2-4d9f-a661-ec13c45946bf,Mike Savad,1,"It didn't work, and it signed me up to a mailing list that I can't get off of no matter how many times I unsubscribe.",0,2025-12-20 13:55:09
com.aisense.otter,OtterAI Transcribe Voice Notes,5dc07c97-e442-47aa-9fcc-4f82f6da4158,Christina Cisneros-Guzman,1,it never works,0,2025-12-20 04:41:38
com.aisense.otter,OtterAI Transcribe Voice Notes,d08b720b-5e8e-46ae-b9cd-672fa99b7d09,nicole walker,5,best transcription so far,0,2025-12-20 01:31:50
com.aisense.otter,OtterAI Transcribe Voice Notes,9e3f0507-04bb-4627-a92e-7a0b61dd196b,Alex M,1,Requires too many distracting interactions. It's not instant nor inntuituve. Not useful for mobile efficiency,1,2025-12-18 12:29:02
com.aisense.otter,OtterAI Transcribe Voice Notes,05060740-f7f2-4f60-82fe-721dcb08a220,Tim Wall,1,"How unscrupulous! I was charged $99.99 by Otter, although my account is set to the free plan, and has been for at least a year. I received an email on 11/29 warning that my Pro Plan would renew. I checked my account on 12/1 and saw that it was still on the Basic free plan, so I assumed the email was in error. I took a screenshot to be on the safe side. Even with this proof, Otter is now claiming that they won't refund a subscription due to their terms of service.",2,2025-12-16 13:34:04
com.aisense.otter,OtterAI Transcribe Voice Notes,c1272943-667a-43f8-a500-fa3f2645a76c,Om Prakash,1,One of the worst apps. please don't use it for free also. I paid a 1 month plan and was not able to get my old recordings and my money also lost. No help no support after sending multiple emails. Not recommended to anyone.,4,2025-12-15 23:38:31
com.aisense.otter,OtterAI Transcribe Voice Notes,aa77b5c5-dda3-4117-856d-f0105859aa22,Nans B,1,"I'm trying to cancel my subscription since November, sent an email to customer service and nothing. I don't want to continue paying for something I'm not using!",0,2025-12-14 22:44:46
com.aisense.otter,OtterAI Transcribe Voice Notes,7ca71690-b121-4f84-b455-b10cc9fef8a5,Yani Tsakos,1,"BUYER BEWARE: 12/13/25 - Dev's response is false. They are demonstrably different, Google version being incomplete. GOOGLE does not refund the paid subscription when this is brought to their attention. Otter does not fix it. Go get another transcription program. As much as I like Otter, this version on Google does not include access to everything advertised. You only get all elements when you buy a subscription through Otter directly. The Google one is incomplete.",3,2025-12-13 19:11:12
com.aisense.otter,OtterAI Transcribe Voice Notes,5f81aaee-8264-4d19-a155-d1b7aa28a0a2,Emile Choo,1,"the app does not work well. often transcripts are not fully transcribed, and when you contact the support, there is no support. I've waited 4 weeks for resolution for incomplete transcript and support is silent even after many reminders from me.",3,2025-12-13 16:37:09
com.aisense.otter,OtterAI Transcribe Voice Notes,fccf448c-96dd-4d42-91d6-8ee7d463274e,Laura Killingsworth,3,"the free version says up to x many imports per month, and my last import was in September yet it's telling me I have 0 left..can you please help",0,2025-12-13 01:43:40
com.aisense.otter,OtterAI Transcribe Voice Notes,b5903edb-3a60-4b40-9957-e6b4a851ad8a,Carey Vandenberg,4,"I've used Otter and occasionally check to see if there is a better option. Reason being is sometimes the audio is so far off of the text in matching. My biggest issue now is when I am in a weaker cell range, Part and sometimes most of the meeting doesn't get recorded. Isn't there a way of the audio going to my phone's internal storage during this time?",48,2025-12-12 21:42:41
com.aisense.otter,OtterAI Transcribe Voice Notes,b372b096-b855-4e2c-aad6-7ad8425c7fe2,The best of Luxury,5,suuuper private secretary,0,2025-12-12 15:59:48
com.aisense.otter,OtterAI Transcribe Voice Notes,d7dce95a-3d03-44e6-b388-9b240d89543a,Michael Rourke,1,"Worst logo to represent a company. I was in search of an app for Ollie, a dog food app. I downloaded this app by mistake. Just look at the logo: this is for a company named Otter? Not to my eyes. To me, this logo will always read as Ollie, not Otter. Worst logo representation I have ever seen for a company brand. Why would you omit the crossbar from the letter t's? Change your marketing & assets team.",0,2025-12-12 02:26:14
com.aisense.otter,OtterAI Transcribe Voice Notes,28252ec8-1423-407b-9b24-f03bfb527a34,Green Fog,1,garbage,0,2025-12-11 21:17:43
com.aisense.otter,OtterAI Transcribe Voice Notes,5968e465-7ba9-408c-9fc8-a3d48aeb832b,Sean Sadasivan,1,Recordings with Bluetooth devices has stopped working,0,2025-12-11 19:49:30
com.aisense.otter,OtterAI Transcribe Voice Notes,ac664f9f-51ac-4e78-9d9e-d68878ddc3cb,Shawn Paul,1,"UPDATE: As you can see how lame this company is, they responded to my review but they did not address anything about the fact that I requested a refund immediately after purchasing it. ORIGINAL: I specifically searched online and found that Otter can record phone calls, which was one of the reasons I decided to pay for the service. However, when I tested it out, I discovered that it wouldn't record a call. I immediately requested a refund, but they refused to process it.",1,2025-12-11 19:46:44
com.aisense.otter,OtterAI Transcribe Voice Notes,77ab617c-17ce-48d3-b2fe-89d4b4d1c3cd,Prince Omonu Itanyi,5,"as a project manager, this is a life saver",0,2025-12-10 15:46:30
com.aisense.otter,OtterAI Transcribe Voice Notes,dd833576-4963-4933-bb83-9d2852f122f2,Rita White,5,this was last months meeting...,0,2025-12-10 05:38:23
com.aisense.otter,OtterAI Transcribe Voice Notes,c48c2893-bfcc-4a11-828b-bcec19cb3233,Star,5,I have had a very great experience using this app .it helps me to translate another language easily or even write notes form voices I absolutely recommend!,0,2025-12-09 20:40:42
com.aisense.otter,OtterAI Transcribe Voice Notes,77a7a9e1-07c5-4ed7-9137-01a6df4bbb19,Jerry Cornelius,1,"Not even close! Transcribes total nonsense. Ok, I am German but it says multilingual. You get 10 uploads when you subscribe. Ten...? Wth!?",1,2025-12-09 12:55:50
com.aisense.otter,OtterAI Transcribe Voice Notes,673f3d99-d654-43da-8c19-66957189e448,Riaan Eloff,1,Why did you charge me again!? I cancelled this subscription!!,4,2025-12-07 10:02:26
com.aisense.otter,OtterAI Transcribe Voice Notes,e9b54dc2-4e29-41d8-8163-b8500d3cfcc2,Rod Montgomery,1,"I wanted to hijack my email address too many permissions wanted to be granted to proceed, then when I finally was able to get on I only allowed me 30 minutes of content before it wanted me to upgrade and go to a paid version, I don't know why I presenters would want their customers listening to this to have to pay for something, where they're selling something...",1,2025-12-06 21:07:32
com.aisense.otter,OtterAI Transcribe Voice Notes,9c6759ed-2983-45b5-a6d4-7d1c181a0c09,Jean Paul Ceulemans,1,No way I'm giving you my personal information,1,2025-12-06 20:53:00
com.aisense.otter,OtterAI Transcribe Voice Notes,cfc16ff9-bafa-4184-9bcc-77da8def32be,Amanda McSweeney,2,"they added an AI question feature that pops up at the end and it's terrible. I'm not looking for extra engagement in the first place and even if I was, the questions provided are inane",1,2025-12-06 14:04:12
com.aisense.otter,OtterAI Transcribe Voice Notes,f5c84b09-6973-4b35-b8f2-175f3e501307,Suleiman Sulyzaki,5,awesome,0,2025-12-05 04:50:20
com.aisense.otter,OtterAI Transcribe Voice Notes,b1ca34ef-b8b9-410d-bcd6-6cbb86c88b6e,Dee Price,3,it does what I need. Accuracy could be improved. I've had the account for a number of years.,0,2025-12-05 01:24:42
com.aisense.otter,OtterAI Transcribe Voice Notes,5de02e8e-2dc6-4b2e-b511-b5aa5018d1af,Ginadamianokemow Okemow,5,wonderful,0,2025-12-04 00:51:45
com.aisense.otter,OtterAI Transcribe Voice Notes,c1f42eb0-69a0-4378-a727-10eb9683d905,Jules S,1,Can't use for free. Premium is theft. Garbage app,1,2025-12-03 17:06:57
com.aisense.otter,OtterAI Transcribe Voice Notes,c23c1116-ec15-4481-91e3-51153fe644fb,Yevgeniy Afanasyev,1,"simply not working. I tried 3 times to import a Facebook video link. and all 3 times I had no response - no success, no error. just nothing. upsetting.",1,2025-12-02 13:16:34
com.aisense.otter,OtterAI Transcribe Voice Notes,ebef2d37-3504-4568-bc1f-1dd5b92c982f,Lekh Pawar,2,ai summary not showing up,0,2025-12-01 08:43:38
com.aisense.otter,OtterAI Transcribe Voice Notes,dfdda726-1415-40fa-a542-23ac51b3eba0,Malek Asfar,1,"there is no language other than English, Spanish, and French. no Arabic language is integrated with this app",0,2025-12-01 04:48:51
com.aisense.otter,OtterAI Transcribe Voice Notes,55f865fc-e199-43c3-bbda-1a3ea9171021,Connor Strzelewicz,5,Fantastic AI note taker,1,2025-11-30 18:45:44
com.microsoft.office.onenote,Microsoft OneNote: Save Notes,da1f3648-6abf-4a73-a4c5-ff42dc57f229,Heather Bennett,4,I used to use this on my PC and loved it so I'm trying it on my phone.. So far so good..,0,2026-02-19 10:10:47
com.microsoft.office.onenote,Microsoft OneNote: Save Notes,dac1a815-cae2-43d3-9b66-11616e48a750,Judith Baker,1,Can no longer add or edit notebooks while offline.,0,2026-02-19 08:44:41
com.microsoft.office.onenote,Microsoft OneNote: Save Notes,68de2351-3b41-4fc1-8115-4e210dba59b5,Malik,5,The best ever I like the offline feature and online backup thingy keep this app on earth forever and protected Microsoft. I love this app very much.,0,2026-02-19 07:18:53
com.microsoft.office.onenote,Microsoft OneNote: Save Notes,abc74d26-4dd5-45d1-9832-42ae2b950fb7,Stev Sweke,5,good app,0,2026-02-19 06:05:33
com.microsoft.office.onenote,Microsoft OneNote: Save Notes,b31bbf30-3921-40f8-a288-8c66b0c46882,tofik hidayah,5,Helpfull app,0,2026-02-19 02:34:57
com.microsoft.office.onenote,Microsoft OneNote: Save Notes,fc21c380-9a0e-41b7-b307-fb120f06ce22,Deborah Erum,5,awesome app!,0,2026-02-19 02:07:05
com.microsoft.office.onenote,Microsoft OneNote: Save Notes,7f3cd4dd-1f50-4acf-ae9b-a505decb8241,K S,2,"Very poor. I couldn't insert any pics or text into a note, and couldn't convert handwriting to text. All I could do was scribble on the screen. Feature poor. Can't see how others rate it so high.",0,2026-02-19 00:36:32
com.microsoft.office.onenote,Microsoft OneNote: Save Notes,7cef08c2-23f1-447c-83be-35e235ee50b6,Emma,5,easy to use and so useful for oranganising my buisness files,0,2026-02-18 22:45:56
com.microsoft.office.onenote,Microsoft OneNote: Save Notes,448ad85a-8cbc-40d4-bb52-020e54b3c602,Captain Terrific,4,very good app. works exactly for what I want. The only bad thing is that it occasionally makes me have to log in again or it stops syncing,0,2026-02-18 20:41:49
com.microsoft.office.onenote,Microsoft OneNote: Save Notes,581f8e3d-b5e7-4a25-a855-da37ef34e625,EDOSWAGS tz,4,P e r f e c t,0,2026-02-18 19:27:33
com.microsoft.office.onenote,Microsoft OneNote: Save Notes,26eeecd7-e42b-4af9-ae31-c2ae71c130e6,Emeka Moses,5,it's an interesting app and very easy to use,0,2026-02-18 16:09:50
com.microsoft.office.onenote,Microsoft OneNote: Save Notes,cfa31faf-9de7-44d7-8900-89014179b592,Seyed Ahmad,1,مزخرفه، راست به چپ رو پشتیبانی نمیکنه فونت مناسب متن فارسی هم نداره,0,2026-02-18 15:58:49
com.microsoft.office.onenote,Microsoft OneNote: Save Notes,cc89ed98-7a63-444b-ac9f-8ccc31a45ec6,Richard Edwards,5,Great App 😎,0,2026-02-18 15:47:50
com.microsoft.office.onenote,Microsoft OneNote: Save Notes,e3a4bf17-a4ba-40ac-b3b5-30cfc3caf34e,Orian Dulzaides Alvares,5,vwey help full and dinamic i use it through my cell and pc seemingly.,0,2026-02-18 15:27:22
com.microsoft.office.onenote,Microsoft OneNote: Save Notes,68fecee3-20d1-4b16-9be6-3b0b4bf73f79,brsrkr76,5,Like the name says it's nice for notes and lists. Use it daily,0,2026-02-18 10:40:35
com.microsoft.office.onenote,Microsoft OneNote: Save Notes,3ae74b0a-263b-4e14-835f-9822ad26a4de,Victoria Balogun,3,There is no option for recycle bin. Pls add a recycle bin option on the app,0,2026-02-18 06:43:13
com.microsoft.office.onenote,Microsoft OneNote: Save Notes,f96c58f1-bf7c-4811-b855-c0812ef3f027,Wanya' Odom,1,wrote poems and songs in it and had to go to another phone. one note deleted all my things as I didn't pay for a subscription since everything is stored on one drive. I've lost the writing with no wah of opening them even after transferring before resetting. do not use,1,2026-02-18 01:33:03
com.microsoft.office.onenote,Microsoft OneNote: Save Notes,c35cefce-c585-41bc-977b-975c50c26616,Elia Gaiani,5,essential note and much more for the office ecosystem,0,2026-02-18 00:05:09
com.microsoft.office.onenote,Microsoft OneNote: Save Notes,bfc2826d-0605-4b16-a6ae-df1773edade0,Bruce,5,OneNote has been a life saver for me. The best thing is the backup of critical files and data. Easy to access over multiple devices. Plus there is so much more versatile that can be done. To bad can't mark six stars.,0,2026-02-17 21:02:02
com.microsoft.office.onenote,Microsoft OneNote: Save Notes,0f39f536-ad36-4286-9698-0e9b010bd9b0,Jirayu Naon,5,best tool for me to note,0,2026-02-17 20:57:29
com.microsoft.office.onenote,Microsoft OneNote: Save Notes,91181f8c-8c6d-4cbf-abee-5f42472841cd,John Downie,5,not yet familiar with everything but easy to get started on it . great to save stuff at a fingertip.Great asset for easy eccess.,0,2026-02-17 20:16:28
com.microsoft.office.onenote,Microsoft OneNote: Save Notes,61777ac8-d7f0-4763-8e9f-cb5420a5a929,Mathias Alatiari,5,nice and cool,0,2026-02-17 18:07:53
com.microsoft.office.onenote,Microsoft OneNote: Save Notes,fbcc2afc-5dc3-43da-a813-8801d6d128e8,NIgel Khoo,1,It's become really bad now. Doesn't load properly.,0,2026-02-17 13:35:04
com.microsoft.office.onenote,Microsoft OneNote: Save Notes,232e1299-f821-4cf9-9a7c-82b1f2322431,Muhammad-Mukhtar Abass,4,"This is the best note I've used so far, it's too good to be true. I would be crazy if you had different views format just like Notion, let's have the calendar view, table, list and all, it would really be nice especially for traders that use it to journal trades.",1,2026-02-17 11:42:27
com.microsoft.office.onenote,Microsoft OneNote: Save Notes,0ff733aa-4732-4044-aa8d-3bb41b6aa0b5,akshay bishnoi,5,far better than paid ones,0,2026-02-17 10:51:41
com.microsoft.office.onenote,Microsoft OneNote: Save Notes,599d7281-6e4e-4bfa-860b-51d14353cfef,Ultimate Fry-Up,1,"Downloaded this so I could edit my work notes on the go. Turns out I can't access my notes on the go, so what's the point of the app? Worthless. I'll just have to stick to the PC version.",0,2026-02-17 08:23:33
com.microsoft.office.onenote,Microsoft OneNote: Save Notes,97b084f1-3ec6-47e8-8d8c-742a945ea834,Pam T.,5,I love OneNote. It's under utilized and under appreciated.,0,2026-02-17 04:55:34
com.microsoft.office.onenote,Microsoft OneNote: Save Notes,80ff43aa-9896-4b23-9aa5-5d2b9ea9fedd,Shantanu Joshi,5,Great app!,0,2026-02-17 04:07:32
com.microsoft.office.onenote,Microsoft OneNote: Save Notes,b56ffa1e-f897-4bce-a793-fad17e80943a,Annette Potter,5,I love to keep notes and be able to sync between phone and laptop. Information available whenever I am.,0,2026-02-17 03:10:04
com.microsoft.office.onenote,Microsoft OneNote: Save Notes,a2c5da69-3ac2-49f0-91e5-c2ce70438087,Kerri Mitchell,4,love it. would be great if I could dictate a list straight into OneNote but only a slight annoyance.,0,2026-02-16 23:06:43
com.microsoft.office.onenote,Microsoft OneNote: Save Notes,5258b0c6-a4f8-426c-a30e-feb1fac7fdcd,Domique Ciobanu,5,very good if you want to writ storys,0,2026-02-16 20:34:44
com.microsoft.office.onenote,Microsoft OneNote: Save Notes,ade74e40-16ee-44d9-9d8a-b4a8993dd307,Djamaastore 2025,5,"thanks for this app, OneNote is very helpful.",0,2026-02-16 18:57:33
com.microsoft.office.onenote,Microsoft OneNote: Save Notes,4ba33510-75d6-4e59-bfdd-0faee6b90348,Abolfazl Rezapoor,5,🙌,0,2026-02-16 18:27:14
com.microsoft.office.onenote,Microsoft OneNote: Save Notes,5f799b4b-cb90-41c4-aa09-5fb42f717d18,sivanagaraju Thellamekala,4,good,0,2026-02-16 17:35:51
com.microsoft.office.onenote,Microsoft OneNote: Save Notes,9468d3da-734c-4480-9492-a9c4ebc5b124,Avimanu Singh,5,great app,0,2026-02-16 17:15:54
com.microsoft.office.onenote,Microsoft OneNote: Save Notes,56925f72-bd16-4d15-935f-e479276d5453,Gaganpreet Singh,5,goodp,0,2026-02-16 16:59:20
com.microsoft.office.onenote,Microsoft OneNote: Save Notes,c0d99f7d-d67c-4630-94a9-0843a0f3c434,Julio Luciano,5,I can write Journal with this. It's really fun writing stuff like that. Best App that i use since i grew up with Microsoft Apps.,0,2026-02-16 16:47:32
com.microsoft.office.onenote,Microsoft OneNote: Save Notes,9bcad94a-4380-464e-8290-7b29e144e975,Meimei,5,"I like the simplicity of the app. it can be color coded with categories that I create. The app isn't complicated; I have enough going on right now than stop and figure out how to organize my disorganized life. I need a place to put notes and brain-dump to go on to my next life task. I don-t want paper stickies all over my house and car or office (I deal with PHI content and clients in my office. Sometimes, I need to write a note and don't want a client seeing, ""eggs, milk medical appointment""",0,2026-02-16 15:09:55
com.microsoft.office.onenote,Microsoft OneNote: Save Notes,992f1899-ae5f-4338-9311-2604a341fef7,Joshua Kimuruae,5,amazing,0,2026-02-16 14:17:07
com.microsoft.office.onenote,Microsoft OneNote: Save Notes,4fc875af-8029-45df-b41f-dabfaff3d817,farzaneh nasrolahzadeh,4,please add more tools for handwriting and drawing in android app,0,2026-02-16 13:43:53
com.microsoft.office.onenote,Microsoft OneNote: Save Notes,a49b33c0-5c36-47f5-9988-f59ace0fef72,Lauren de Kock,1,"Terrible on andriod! I used this app for a no. of years on my iPad, and loved it! I am so disappointed with its usability, limited functions. For ex, on iPad I could have as many pen options as I want in my search bar, android limits to 6. On iPad, I can move pages around in my notes book simply by holding and dragging, functions not available on andriod. If you highlight text on iPad and select a different colour pen, you can change text colour, function not available on andriod. Disappointing",0,2026-02-16 09:37:10
com.microsoft.office.onenote,Microsoft OneNote: Save Notes,ad598bf2-e590-4294-a764-97e46e74f892,Pavlo Malyarevich,1,Doesn't work,0,2026-02-16 09:18:48
com.microsoft.office.onenote,Microsoft OneNote: Save Notes,98a08de1-13c7-42a7-962c-6754afc2d6fa,Randy Taylor,5,I have been using this app for the past four years for both home and office notes. It keeps me organized.,0,2026-02-16 05:53:06
com.microsoft.office.onenote,Microsoft OneNote: Save Notes,a1a88b30-8c59-427d-a2ad-5a9297d7acf6,Alan Ocean,1,every time I try to log in it gives me an error about not being able to make a notebook. how useless.,0,2026-02-16 01:47:22
com.microsoft.office.onenote,Microsoft OneNote: Save Notes,4da952f0-b810-48fc-a7ee-bec6b474e43a,Reda Patterson,5,I have just learned how to use Onenote and I love it. It is very easy to use.,0,2026-02-15 21:10:49
com.microsoft.office.onenote,Microsoft OneNote: Save Notes,66c7eb13-31bc-4f12-825c-4db03888f8fb,Amr Darwish,1,the last update is definitely the worst user experience in the world!,0,2026-02-15 19:09:31
com.microsoft.office.onenote,Microsoft OneNote: Save Notes,595c11d6-3b86-415c-9a0a-0bd725915dee,Wade Young-Jelinek,2,a recent update disallows me from panning and zooming with my fingers when using my stylus on my S25 Ultra. This is a very annoying and inhibiting change in behavior.,0,2026-02-15 18:41:06
com.microsoft.office.onenote,Microsoft OneNote: Save Notes,11607944-5801-4289-b98e-b6bd008c169b,Robert Muir,4,Seems a good choice buf still early days. Give me a few weeks and I'll see if I can hit 5 stars or 3 stars!,0,2026-02-15 18:41:00
com.microsoft.office.onenote,Microsoft OneNote: Save Notes,480be1fe-e466-4c1d-8d31-f28ca9e5ee15,Happy Pages,5,Works Fine.,0,2026-02-15 18:28:10
com.microsoft.office.onenote,Microsoft OneNote: Save Notes,3b599005-f6a3-4743-b0ef-de0ba3bca96b,Timofey Lychik,1,after the last update all my notebooks disappeared and are no longer syncing. good job microslop.,0,2026-02-15 17:56:04
com.microsoft.office.onenote,Microsoft OneNote: Save Notes,f8549f47-02cf-49f4-9bab-0e430de0a89b,Navya Sruthi,5,"I really really liked this app!!!! It's perfect choice for maintaining virtual notes.If I copied from any website it's pasting as it is including colour,It's the best choice to prepare own notes.",0,2026-02-15 15:00:32
com.microsoft.office.onenote,Microsoft OneNote: Save Notes,bf374880-4cbd-483f-81c0-94e4acde442c,Neil Wigmore,5,easy to use,0,2026-02-15 14:55:48
com.microsoft.office.onenote,Microsoft OneNote: Save Notes,d8f44ffa-1f43-4f4a-8e62-f1a1a0a84112,joe,5,"Microsoft OneNote is a great app for organizing notes, ideas, and tasks. The sync across devices is smooth, the interface is simple, and it works perfectly with other Microsoft 365 apps. Very useful for both study and work.",0,2026-02-15 12:07:32
com.microsoft.office.onenote,Microsoft OneNote: Save Notes,1bc28260-1ace-457a-8190-cfdb2ae8dba3,h ssc,1,"Issue from 2024 still not fixed. - I try and add a note page with important information and when I try to go back to the new note page it is not there. Have paid microsoft subscription and expect privacy to be respected and apps to work, not become unusable with and lose ease of use and personal data when the app updates itself. Have had similar issues with other microsoft apps. If I pay they should work with ease and my data should be private like it used to before most recent update",4,2026-02-15 11:48:26
com.microsoft.office.onenote,Microsoft OneNote: Save Notes,d119e775-3b69-4cf1-97dc-4406e78bcf80,Rajat Kumar,4,"Best app for serous note taking, but need improvement for casual to do list or tasks",0,2026-02-15 10:15:21
com.microsoft.office.onenote,Microsoft OneNote: Save Notes,cf639e89-7aa8-4222-95d4-0cb430ff37af,***JAI***,2,"having used OneNote for over a decade, in the past few years I have found its performance terrible. When opening the app all my previous notes have disappeared. It takes a good +5 minutes to retrieve notebooks. Not sure what and why anything has changed for this too happen.",0,2026-02-15 10:05:32
com.microsoft.office.onenote,Microsoft OneNote: Save Notes,409a2044-cbf4-4672-923e-364f5cfa25c0,Freeman jayrhon Andres,5,Good,0,2026-02-15 07:12:52
com.microsoft.office.onenote,Microsoft OneNote: Save Notes,76fe5750-aaa7-4d46-ac49-cd63c404de2e,AJAY KASHYAP,5,excellent,0,2026-02-15 04:34:49
com.microsoft.office.onenote,Microsoft OneNote: Save Notes,ab1e83b0-ae66-45db-9655-c7b120ea6de6,John Brookman,5,Easy,0,2026-02-15 02:15:56
com.microsoft.office.onenote,Microsoft OneNote: Save Notes,8ca52e2a-79f6-423b-9aed-f25a9fa76bb5,abderezak sennai,1,"bad bad bad, already switched to notion",0,2026-02-15 01:21:49
com.microsoft.office.onenote,Microsoft OneNote: Save Notes,733f27cb-0b3f-4f8e-b22d-d479f9afeba8,Lorraine Lao,3,Please put in . CTRL+ keyboard shortcuts functionality,0,2026-02-15 00:43:23
com.microsoft.office.onenote,Microsoft OneNote: Save Notes,c508b2b8-50cb-47d6-bb1f-9014a7793301,Shane Quintilio,5,"if there is a better way to keep notes then show us what you got, OneNote is flexible, easy to use, dynamic and I've been using it for at least 15 years now.",0,2026-02-15 00:27:46
com.microsoft.office.onenote,Microsoft OneNote: Save Notes,3fa472b2-06c8-4898-a723-fb7f908b317c,Kenneth P,5,Great for project tracting. Keeps my life in order,0,2026-02-14 09:28:30
com.microsoft.office.onenote,Microsoft OneNote: Save Notes,ad353ab8-eb71-421c-b93d-19a07fa1e4ea,Fareed Tijani,5,one note really helped me out as a student y'all should really check it out,0,2026-02-14 08:27:24
com.microsoft.office.onenote,Microsoft OneNote: Save Notes,1c5e2837-001f-4025-bb4c-9db907c6ceba,Mohnish Mahapatra,5,"Made my life easier My one stop for noting stuff , making revision notes and casual planning.",0,2026-02-14 07:29:24
com.microsoft.office.onenote,Microsoft OneNote: Save Notes,971015a3-edcc-457a-aa43-4d0426f2c735,some one,5,"please add more 🪩 colours or allow us to choose from the wheel ? i seriously miss colours and combined handwriting and keyboard writing, and ability to do all in one note hand keyboard writing plus audio sticker every freedom you can think of",0,2026-02-14 07:05:41
com.microsoft.office.onenote,Microsoft OneNote: Save Notes,76e9ab53-9a30-42ac-b909-8fd4a8ec3cc0,Dover Whitecliff,5,keeps everything organized and super easy to use. love one note!,0,2026-02-14 06:52:48
com.microsoft.office.onenote,Microsoft OneNote: Save Notes,f440aa83-96b8-42cd-82cd-adc2ac44d7f0,My Note,1,unable Sync,0,2026-02-14 06:50:00
com.microsoft.office.onenote,Microsoft OneNote: Save Notes,bb298722-eb4f-444d-ae68-376b3b15be57,Peace Otono,5,best App so far,0,2026-02-14 06:35:47
com.microsoft.office.onenote,Microsoft OneNote: Save Notes,90040f72-7bd1-467f-964e-f687b244e5b5,Anthony Martinez,5,Helps me stay organized between terms.,0,2026-02-14 06:19:08
com.microsoft.office.onenote,Microsoft OneNote: Save Notes,fd9e31cb-1669-4d48-9c3a-3b0360f7eb38,Muhammad Ammar,5,perfect,0,2026-02-14 04:05:23
com.microsoft.office.onenote,Microsoft OneNote: Save Notes,4445f8cd-1a9d-4cb2-bb9b-1fddad12a839,Jacob Miller,5,I love love love love love love this app! it keeps me organized and I have everything in one spot,0,2026-02-14 03:08:41
com.microsoft.office.onenote,Microsoft OneNote: Save Notes,61a46b84-45e2-4747-9a4f-23b73d798ab3,Androi Manob,5,"Installed it to have the notes backed up. My phone died. When I installed the app on my phone, I got them all back. However, the GUI looks very old",1,2026-02-14 01:38:25
com.microsoft.office.onenote,Microsoft OneNote: Save Notes,59432c9b-4dbc-4182-80c9-2d93eb8d61d3,Procrastinating Trash,1,edit: 2026 abysmal,1,2026-02-13 22:47:41
com.microsoft.office.onenote,Microsoft OneNote: Save Notes,18756119-4963-46f7-bb1f-0f4e76d30e0b,Scott Johnson,3,"I generally like Microsoft products and I really like the desktop app, but the mobile app has so little functionality in regards to creating content in comparison as to be fairly disappointing. There is no Web Clipper add-on for the app either. If someone intends only to have access to their already created notes, then they'll probably experience little disenchantment with the app but if you are used to doing so much thru the desktop version than make grocery lists, you're in for a surprise.",0,2026-02-13 22:13:43
com.microsoft.office.onenote,Microsoft OneNote: Save Notes,3fb887c5-be39-459c-8b2b-0dfd49cdcb4d,MICKEY PERRY,5,my favorite,0,2026-02-13 18:40:58
com.microsoft.office.onenote,Microsoft OneNote: Save Notes,ef72fa32-9918-4c8c-99a9-e82806f62a8d,Loonacy,1,The app is trash. Str8 up garbage.,2,2026-02-13 18:15:12
com.microsoft.office.onenote,Microsoft OneNote: Save Notes,6980f5be-f6b3-4334-92dc-4f6e252c3639,Rahul Bouri,3,"add equations, page breaking, and other tools",0,2026-02-13 17:55:29
com.microsoft.office.onenote,Microsoft OneNote: Save Notes,a16f5966-6e33-4c3e-9f69-06e5032a4ba6,Nipesh Rout,3,"1) When an image is inserted into OneNote and then exported as a PDF, the image becomes blurry when zoomed in. The quality does not remain clear, and pixels appear distorted. This creates problems when sharing documents or notes. The export quality or resolution settings should be improved to fix this issue. 2) Please provide Reading mode / Full page view option for the Android version.",0,2026-02-13 16:14:44
com.microsoft.office.onenote,Microsoft OneNote: Save Notes,1b86429c-9cc2-4435-8793-da97dae31164,Jerovin Jr. Cañete,5,OneNote helps me a lot to secure personal/private materials.,0,2026-02-13 09:36:37
com.microsoft.office.onenote,Microsoft OneNote: Save Notes,39dd91d8-05cc-4a79-bbf0-c47c2b67faef,syed Aazim,3,good,0,2026-02-13 08:42:57
com.microsoft.office.onenote,Microsoft OneNote: Save Notes,fd4ebc19-51f9-4d86-b7f9-edfcaa8e86ec,Mostakim Kazi,4,Kindly Quickly add the features of the windows app to android,0,2026-02-13 06:25:41
com.microsoft.office.onenote,Microsoft OneNote: Save Notes,7daa3486-4a98-484b-9825-88004085a1e7,Joseph De Four,3,Good for notes on the go.,0,2026-02-13 04:56:10
com.microsoft.office.onenote,Microsoft OneNote: Save Notes,151df6ce-5459-44dc-9da9-6488efe0c2a2,Matthew Johnson,5,"OneNote has absolutely upgraded my organization habits. I use it in my Quality Assurance role, as well as personal use for putting together my graphic novel storyline. It really does an amazing job with the ability to add pictures as well. Love it.",0,2026-02-13 02:45:32
com.microsoft.office.onenote,Microsoft OneNote: Save Notes,17f710c0-e4f1-4736-a8ed-1fcdf5c7678b,Reed Sutton,5,I love using it to take notes for my college classes,0,2026-02-12 23:13:32
com.microsoft.office.onenote,Microsoft OneNote: Save Notes,75919cdc-779f-4bf3-b1e3-c77bf93c4ee9,Zuha,4,I used this app in 2019/2020 and loved it! Now in 2026 it's still my favorite app.,0,2026-02-12 22:08:01
com.microsoft.office.onenote,Microsoft OneNote: Save Notes,9a6ca880-cf33-4576-b7c7-9bfe1fa43011,Samuel Adeinka,5,The best app ever 🤩🤩🤩🤩,0,2026-02-12 19:14:29
com.microsoft.office.onenote,Microsoft OneNote: Save Notes,3cdfa52f-3eeb-475c-a06a-421b3b9db9a6,Bhagyashri Gogoi,5,"till now , good",0,2026-02-12 17:56:56
com.microsoft.office.onenote,Microsoft OneNote: Save Notes,3faec91b-8c2d-407e-93b1-2e00715e13a5,Jeremiah Nunez,5,Great for taking notes and syncing across many devices!,0,2026-02-12 15:25:54
com.microsoft.office.onenote,Microsoft OneNote: Save Notes,e1dd95bd-4bd7-4748-8ede-7f13be88e05d,Arty,4,"Been using it for years now with occasional sync problems, superb app but not perfect. I would like a self hosting option in my preferred cloud storage platform so I can manage my note database. Storing sensitive data where I can't access my db file is a no, no...on top of that being Microsoft.",0,2026-02-12 15:12:19
com.microsoft.office.onenote,Microsoft OneNote: Save Notes,c6e48e0b-8bb2-4f01-923a-f7935aca1c35,Lila Zuniga,1,"Won't let me sign into my preferred account. Asks me to add an email for security, so I add my email, but it says the email is already connected to my information. Then why ask for it?",2,2026-02-12 15:09:01
com.microsoft.office.onenote,Microsoft OneNote: Save Notes,09f4041b-65bb-48e2-b670-9f0da120adc8,Jeff Balbalosa,4,Good app for note taking,0,2026-02-12 08:00:04
com.microsoft.office.onenote,Microsoft OneNote: Save Notes,93e3f5e4-c655-4e9a-8d50-39be21b7082a,Pedro,3,"the syncing process from pc to phone or tablet is bad, if it syncs. I would also like more options/tools for the app. don't know why it hasn't been updated or if Microsoft just likes being 3rd to apple and Samsung.",2,2026-02-12 01:43:32
com.microsoft.office.onenote,Microsoft OneNote: Save Notes,ab2ef51c-c370-4127-892a-adbe64961ef6,Kevin King,5,always have loved it.,0,2026-02-11 23:52:03
com.microsoft.office.onenote,Microsoft OneNote: Save Notes,913f4a61-b51c-4345-b415-0b6f024ad85c,Yvonne Marsh,5,easy to use,0,2026-02-11 22:52:02
com.microsoft.office.onenote,Microsoft OneNote: Save Notes,9372932a-29e8-46e4-a65e-fb3495721c44,Michael White,5,Amwsome,0,2026-02-11 20:19:04
com.microsoft.office.onenote,Microsoft OneNote: Save Notes,27b52bb6-386c-4e90-960d-4e8d79da0fb3,Alecsandru C. Duma,1,"...worst notes app ever.... always conflicts, and out of sync with other devices.",10,2026-02-11 20:11:11
com.microsoft.office.onenote,Microsoft OneNote: Save Notes,f70f9af1-3e5d-43e6-a877-0d98304904f0,Anoparam sharma,5,good,1,2026-02-11 18:49:44
com.microsoft.office.onenote,Microsoft OneNote: Save Notes,86fec066-1e54-4cdc-809b-5b9486366b72,Shafi Khan,5,mind blowing app.. we can log into another device with all data including photos. No risk of data loss 🥰🥰,0,2026-02-11 18:27:30
com.microsoft.office.onenote,Microsoft OneNote: Save Notes,ea1bb4c4-4dd7-46f7-9d2d-b684df29cb62,Carlos Jones,5,very useful to organise scanned documents required for our holiday,1,2026-02-11 16:43:51
com.ma.waveapp,Wave AI Note Taker & Recorder,e9070ef6-742c-4d72-94f1-c73337f28984,Areghan Funmilayo,5,easy to use,0,2026-02-17 20:25:14
com.ma.waveapp,Wave AI Note Taker & Recorder,864da816-5c9c-425b-8bd9-b394f683a21e,Musa Maxwell Nkala,5,good at all,0,2026-02-15 11:52:37
com.ma.waveapp,Wave AI Note Taker & Recorder,5151ff1d-60b8-431a-8244-82b7a6a9df56,Ddegeya Sekyeru,5,A very useful app. Summarises the record of the meetings including action points quite well.,0,2026-02-12 10:16:33
com.ma.waveapp,Wave AI Note Taker & Recorder,3ed649ce-7e1b-4bc3-bf59-7f40a225a9f4,Missy McVaugh,5,Awesome!!!!,0,2026-02-04 01:07:28
com.ma.waveapp,Wave AI Note Taker & Recorder,40e15b55-64e8-415c-a007-25de7718fc6b,Jennifer Smith,5,so far this app has exceeded all others. it records long stretches and transcribes it and then summarizes it for ease. so far its all free. tried several other apps and none compare.,0,2026-02-03 19:58:10
com.ma.waveapp,Wave AI Note Taker & Recorder,634628c0-0f5c-4f4b-9a02-5214ca191b73,Wade “Ginger” S,1,"I use Yahoo as my primary email. That isn't a option, and I'm uncomfortable using my Gmail, so I'm stuck with nothing.",0,2026-01-31 07:22:15
com.ma.waveapp,Wave AI Note Taker & Recorder,53258859-8efd-49eb-9a7a-3a514039c2bb,Linda G. Richard,1,expensive!!!,0,2026-01-31 01:14:02
com.ma.waveapp,Wave AI Note Taker & Recorder,eae52c80-1d6d-45ef-ba2b-939cb5ff9bac,Hattie Montague,5,"I am very happy with this app. I had never taken minutes for a meeting before, and after becoming more familiar with the app, everything seemed to fall in place and allowed me to put together a more professional set of minutes.",0,2026-01-30 04:27:34
com.ma.waveapp,Wave AI Note Taker & Recorder,2afc6b2f-8c78-4ff5-973f-8721264d2a87,Curt Zehner,2,"complete waste. recorded 2 important phone calls and both ended with a message saying there were no voices recorded. They did contact me, which I appreciated but they suggested my phone was the issue. I replied that I'm using a Galaxy s23 Ultra. I haven't heard back from them since but I hope to. In the meantime, this app has been helpful in recording meetings that I've been to, but I really need it to be able to record what happens on my phone. I'm going to raise my rating from a 1 to a 2.",2,2026-01-29 23:11:12
com.ma.waveapp,Wave AI Note Taker & Recorder,40e99edc-726f-4dcc-8489-9c868aea51d2,BL Gray,1,$139 a year!! Sneaky scam.,0,2026-01-29 05:19:35
com.ma.waveapp,Wave AI Note Taker & Recorder,fec25536-1f7f-497e-bfbd-6f6d21478b3a,Carson Kipp,1,"This is a paid subscription app, and it's absolute garbage. I've had a way better experience with Otter.ai",1,2026-01-29 02:45:44
com.ma.waveapp,Wave AI Note Taker & Recorder,1c747122-ecf1-4eb4-ae22-ea2c674991b4,Peechz Moorer,5,Very detailed and on point. No missing conversations when you think there are. Love this.,0,2026-01-27 17:49:28
com.ma.waveapp,Wave AI Note Taker & Recorder,b9f493fc-1645-4f4e-927d-6aafe085ba4b,Corey Funk,1,"When clicking the Google or Microsoft account sign in button, a pop up asks why I cancelled signing in. Can't get passed this, so I can't sign in.",0,2026-01-23 16:00:47
com.ma.waveapp,Wave AI Note Taker & Recorder,c73817a2-f451-4ef2-bed5-45b051425239,Katherine Moore,3,"Expensive for what it is. Recording meetings isn't always great, and the transcripts are not always accurate.",0,2026-01-15 12:40:03
com.ma.waveapp,Wave AI Note Taker & Recorder,7c2c4759-d89f-4210-82b1-8feeac2a2b72,Nancy,5,the best ever way to take notes,0,2026-01-04 16:43:04
com.ma.waveapp,Wave AI Note Taker & Recorder,4d614521-8459-4a45-9b71-931d934db4d3,Jane,5,Awesome!,0,2026-01-02 18:35:26
com.ma.waveapp,Wave AI Note Taker & Recorder,f08509d3-15a0-4d39-a197-7228a7d1e55d,DAVID LARSON,1,"So, I chose to pause the subscription. But apparently I didn't hit the correct button and it continued and charge me. So, I canceled it. When apps use poor button placement to keep you hooked, it is not worth having! EVER!",4,2025-12-31 04:00:03
com.ma.waveapp,Wave AI Note Taker & Recorder,a7fe51af-6c06-44b7-a013-b516bbd4f4ed,Bina Thakkar,5,"Wave has become an indispensable component of my productivity toolbox. It is a fuss-free, elegant, and effective note taker and works well on the mobile and on the desktop. Summarized notes produced by Wave are much better than those produced by other popular apps.",11,2025-12-30 13:18:00
com.ma.waveapp,Wave AI Note Taker & Recorder,d5ba085a-cd58-43cd-952d-7431e6660066,Doc MD,2,it doesn't even allow you to try it. record button jump to pay for premium page! Uninstalling,1,2025-12-27 10:44:41
com.ma.waveapp,Wave AI Note Taker & Recorder,e21362fc-15ad-496e-8f2d-bddca6c90ba4,Brenda SamaraLuna (Mariposa),5,"AMAZING!I live with anxiety and depression, which sometimes makes it hard for me to remember or fully understand things. This app has been incredibly helpful—it allows me to better understand meetings by breaking them down clearly and making everything easier to process.It has also been a huge help for my son, who is seeing a therapist and has a language delay. Being able to review and understand information more clearly has made a real difference for both of us. I’m already telling EVERYONE.",1,2025-12-26 21:44:16
com.ma.waveapp,Wave AI Note Taker & Recorder,9c36e175-0e23-4c1a-907e-05e56576378f,Daniel Allen,1,no longer records audio playing from social media apps or any other app. says recording interrupted when audio begins to play from any other app,1,2025-12-20 02:15:20
com.ma.waveapp,Wave AI Note Taker & Recorder,dec1a5af-9ae4-40dc-b57f-c83c73e28ace,Rocky Hatt,5,"This is a very good app for what it does. I recorded a visit with my primary doctor, 17 minutes worth, and it summarized all of the speaking that we talked about. Made it into a detailed list of what we said. Very good app.",2,2025-12-18 21:57:26
com.ma.waveapp,Wave AI Note Taker & Recorder,5854626a-11a8-477c-83c4-6d0f507e0e0b,Jan Is,1,"Collects Google account info, doesn't even provide free sample for people to decide, it is acceptable app for purchase or no. Scammer tactics.",1,2025-12-18 19:32:11
com.ma.waveapp,Wave AI Note Taker & Recorder,a48e6d04-c370-4505-85fa-12aea625a9ee,Marvelous,2,"Too expensive, it works good but $6.99 per week , come on",0,2025-12-17 16:36:10
com.ma.waveapp,Wave AI Note Taker & Recorder,bb9ed7fc-7870-401d-8941-519541a4f7f8,RF DiMarco,5,Worked just like they said it would.,0,2025-12-13 13:55:37
com.ma.waveapp,Wave AI Note Taker & Recorder,8c84f43f-5385-4891-ba47-39ce37d8b5e0,Fatima,5,perfect,0,2025-12-12 16:49:54
com.ma.waveapp,Wave AI Note Taker & Recorder,33b6b7c3-9236-42a4-a7e4-a279bf79ee6e,Jose Rocha Jr,5,love Wave to outline meeting notes... I've officially been the note taker,0,2025-12-11 21:16:56
com.ma.waveapp,Wave AI Note Taker & Recorder,84d59724-c36d-4742-a2c2-3b7b8a8fca28,Laura B,1,"awful, this interference in music audio cannot happen. The interference stopped when I uninstalled the app.",1,2025-12-11 16:19:42
com.ma.waveapp,Wave AI Note Taker & Recorder,3c3b016c-bfc6-4c50-a5ad-57d786366449,Brandt Hurley,4,looks great,0,2025-12-08 20:43:27
com.ma.waveapp,Wave AI Note Taker & Recorder,c8b6831f-67c3-433c-ae46-cdd49d96a2bb,John Thornton,2,"• The current transcript transformation process is very slow, but real-time recording and translation could significantly improve efficiency by reducing waiting times.",0,2025-12-02 11:19:58
com.ma.waveapp,Wave AI Note Taker & Recorder,516cafb7-0bd2-4375-863a-e0280fea65b9,Allison Bale,5,"This is one of the most accurate, well organized, summarized, transcription apps out there. My personal experience with this app identifying individuals has been about 80% accuracy. better than some other apps. easy to use, so many options to export, save, convert, share, etc. I utilize this app for meetings and training's. It's actually scary how well the transcript is broken down from the title of meeting, to each sub heading like ""main topics, statements and notes, & action items."" 👍",50,2025-12-02 02:26:11
com.ma.waveapp,Wave AI Note Taker & Recorder,d63f0f06-ae9b-493a-bbeb-fa38203ca157,CGB,3,It's fair enough but it has a huge flow. It doesn't allow to sync with any cloud automatically.,1,2025-11-29 19:20:03
com.ma.waveapp,Wave AI Note Taker & Recorder,3dcd75f7-0c4f-4c29-9c2e-76bcda0e4449,Monica Nitzsche -Rusch,1,"I was excited to use this app however because it's for a brand new NON PROFIT organization I can't afford extra costs at this time in our startup. no where around the app did it say that it was a paid to use SUBSCRIPTION app. VERY DISAPPOINTED my non profit is too benefit and make dreams come true for WELL DESERVING Canadians BASED ON PERSONAL MERITS. Nominated by CDN'S.""Christmas Dreams Do Come True"" brings Canadians back to our fundamentals of LOVE WINS! NOT WITH THIS APPS HELP WE NEEDED.",1,2025-11-28 14:15:47
com.ma.waveapp,Wave AI Note Taker & Recorder,f2811e17-d908-42f9-967c-2b4b06559158,Hazel O'Boyle,3,free content appears to only allow for one use,1,2025-11-26 13:37:12
com.ma.waveapp,Wave AI Note Taker & Recorder,a05baa4a-dc50-4356-9d66-395f94ec81f4,Terrance Davis,4,Amazing summaries!,0,2025-11-25 06:03:35
com.ma.waveapp,Wave AI Note Taker & Recorder,f125b6d3-deaa-4081-b412-df93131ef74a,Lacey Fahrney,1,I don't care.,0,2025-11-23 20:21:28
com.ma.waveapp,Wave AI Note Taker & Recorder,6402d0aa-19c4-4785-9724-6ef300f42820,ls Law,1,Does not work. Subscribed but will not open.,1,2025-11-23 15:23:27
com.ma.waveapp,Wave AI Note Taker & Recorder,c4f286b3-5bf6-4300-aed5-6688c46b7083,Van,2,it could be made a lot easier to operate you can't use Google to put input through the mic,1,2025-11-23 06:34:23
com.ma.waveapp,Wave AI Note Taker & Recorder,e7e8f9df-5d1f-4cd0-bda4-f36209d75332,Doug Whitehouse,5,Simplistic for the user,0,2025-11-22 02:42:46
com.ma.waveapp,Wave AI Note Taker & Recorder,c856caa7-9d2d-43d7-958b-c9370393c553,Karen Davidson,5,Seems to work great but I couldn't figure out how to record a phone call for work but found a work around.,0,2025-11-21 21:50:07
com.ma.waveapp,Wave AI Note Taker & Recorder,58a9078c-f772-4ade-bb3e-969d2bb2a24e,Q Brock,5,This is a fantastic app!,0,2025-11-19 20:24:25
com.ma.waveapp,Wave AI Note Taker & Recorder,51ee73a8-a376-4c6a-9ebc-19d97db39c24,Alberto Aguilar,5,Great tool,0,2025-11-19 19:22:12
com.ma.waveapp,Wave AI Note Taker & Recorder,1bce1c2e-6c8a-45bf-a407-39b5dcbce382,sana zamar,5,Ohh my god guys I use this app for my biology class and record the lecture and it summarize everything for me gosh this is so cool 😎,0,2025-11-19 16:34:15
com.ma.waveapp,Wave AI Note Taker & Recorder,52fcdd3a-07d1-4ccf-93f0-97585e9f5b17,P Patuwai,1,always broken have paid for months now. I have missed numerous meetings that I thought was recorded. I am canceling my subscription today,2,2025-11-17 20:24:40
com.ma.waveapp,Wave AI Note Taker & Recorder,e0507114-0bc6-4ba1-b13e-0001e18fa4a8,Alexa Routledge,1,"App has routinely said it's working and then provided a useless summary. It has also kicked me out 3 of the last 4 times I went to use it, trashing the recording it was currently making. Will be canceling ASAP because this is absolutely not worth the amount of money I'm paying.",5,2025-11-17 20:10:52
com.ma.waveapp,Wave AI Note Taker & Recorder,3e8b509b-824e-4ed8-9bd1-bb4551c1b338,Mun Kheong Chan,4,recoding of phone conversation over 2nd phone and transcript result with 95% accuracy,1,2025-11-17 06:24:23
com.ma.waveapp,Wave AI Note Taker & Recorder,b64feba6-bdfd-4656-9888-a09ba46c7187,Adaora Ifeanyi,5,So far so good 👍🏾,0,2025-11-13 19:40:24
com.ma.waveapp,Wave AI Note Taker & Recorder,23fedb9c-fa15-4d38-907b-4d1f590fc9ad,R M,5,Brilliant,0,2025-11-13 13:06:45
com.ma.waveapp,Wave AI Note Taker & Recorder,e46b430d-2587-47a4-abdd-4bede69f8297,Frank Kemp,5,Very good,0,2025-11-12 22:10:46
com.ma.waveapp,Wave AI Note Taker & Recorder,2f06fd70-2299-480f-9f3f-e105005d5408,Grow Us,4,"hit or miss, but when it works it WORKS 💪🏾",0,2025-11-12 19:05:36
com.ma.waveapp,Wave AI Note Taker & Recorder,e54b545e-0dd6-462f-af1a-9b22a3847122,Atlas,5,works really well. cuts out unnecessary information. totally free. summarizes recordings into beautiful notes.,2,2025-11-11 23:38:09
com.ma.waveapp,Wave AI Note Taker & Recorder,85f20eae-49f0-48bc-9bdb-532de2107b94,Ava Atauchi,3,It is annthat if someone call or text while in session all of the information is transcript it lost,2,2025-11-10 15:50:13
com.ma.waveapp,Wave AI Note Taker & Recorder,649233b0-fa3b-411e-99bc-95f055d03940,Brett Washington,2,"When I first installed this app, it was pretty solid but I would say that in the last few months it has gotten progressively worse at processing audio and converting to transcript and notes, to where I've had to re-process the meeting audio several times and it's a 50/50 chance that I actually get the transcript and summary. Especially frustrating when the meeting or more dictation is especially. 1 hour+",12,2025-11-07 01:20:23
com.ma.waveapp,Wave AI Note Taker & Recorder,63d1a8c6-14ce-4d12-917e-b9cb588040d3,Joe Hanvey,5,I work for a large parent company of an enterprise of companies. I use this for my personal note taking and would like to look into using it for the enterprise. I need to get some things cleared by my cyber security team and will need your team to provide some information for them. Who can I talk to at your company to make that happen?,2,2025-10-30 05:45:05
com.ma.waveapp,Wave AI Note Taker & Recorder,aba4a2f6-7022-4b04-b638-9fd1ec22b010,Umatilla Housing,5,works great for voice recording of invetory,1,2025-10-27 17:33:42
com.ma.waveapp,Wave AI Note Taker & Recorder,dc08fb74-e3fc-41a5-a284-a6c3c757c0ab,Benjamin j Clark Jr,5,great app,1,2025-10-23 16:52:45
com.ma.waveapp,Wave AI Note Taker & Recorder,dbd2b5c1-2e9b-475f-9805-6e0964dfd0fb,Dejalae A,1,when I need it most its crashed. now it wont open. pissed that I paid money for junk.,2,2025-10-23 00:58:25
com.ma.waveapp,Wave AI Note Taker & Recorder,82dc2501-7fe1-4014-9d06-8bef13b6ea31,Mary Towolawi,2,"When I first started using the Wave app, everything worked well and I enjoyed the experience I paid for subscribtion. However, recently the app has stopped working completely. I have tried uninstalling and reinstalling it several times, but it still refuses to start. Please look into this issue as soon as possible.",2,2025-10-21 06:46:22
com.ma.waveapp,Wave AI Note Taker & Recorder,83d89cfa-ae9d-4085-9afc-e59f5369cbb0,Nicholas Dalmau,1,"When it works, it’s great, but that’s a big “if.” More than half of my recordings fail to save, and you only find out after the fact, once the meeting is gone for good. It’s incredibly frustrating to lose hours of discussions without warning, with no way to recover them or even know they failed in real time. For something meant to capture important meetings, it’s simply not reliable, especially disappointing given that I’m paying for it.",7,2025-10-20 21:14:22
com.ma.waveapp,Wave AI Note Taker & Recorder,8943ffcf-26af-4601-b0b2-926bd7cdd00d,AD Stafford,3,"I decided on Wave because of the feature to take pictures. Firstly, I love this app 90% of the time. But every so often it glitches out badly and I lose huge chunks of recording time. The camera spazzes and won't focus. While trying to get the camera to focus, the app will crash. Or, if I use my phone camera not attached to the app, the app will crash. Then it gets stuck on that recording and won't let me start a new recording. It also sometimes makes my phone glitch when playing back audio.",34,2025-10-20 19:57:17
com.ma.waveapp,Wave AI Note Taker & Recorder,43c4da1d-8d5b-4570-b2b6-df500589d762,Michael Whye,5,"Wow. I was sceptical, especially after my first recording. But as soon as I hit ""transcribe"" it blew my mind. My rambling notes turned into a bullet pointed thing of beauty. All the ideas bouncing around my head were tamed and neatly placed in easy to read and understand order. Thank you developers, where has this been all my life!",4,2025-10-18 22:18:54
com.ma.waveapp,Wave AI Note Taker & Recorder,559c6b45-c3ba-4ba4-88ed-5ed8d50c6d49,William Johnson,5,"I invested in this product and purchased a premium license. I was very happy, but now it consistently puts up a paywall and stops me from using the services I have already paid for unless I pay a second time. It's too bad because it was pretty awesome at first before they started trying to scam me into paying twice for the same product. Edit October 17 they corrected the problem quickly.",59,2025-10-18 01:36:24
com.ma.waveapp,Wave AI Note Taker & Recorder,9f3f619d-13b9-47a3-a780-b29a9b7397d8,Dan E. L. Howden S.,2,Although very good at transcription and summarizing the notes. The app tends to hang. Editing the transcription is cumbersome and clunky and did I mention the app keeps freezing and hanging? It's so close to being the best but I had to rate it low. Using a Samsung Galaxy S 24,6,2025-10-17 04:40:34
com.ma.waveapp,Wave AI Note Taker & Recorder,5b17e99c-296b-49df-9b8d-98c0f05487d2,Elizabeth Morales,1,"I was only supposed to be subscribed for a week, but it did it for a whole year. Please tell me that I am able to get some of my money back.",3,2025-10-16 14:52:30
com.ma.waveapp,Wave AI Note Taker & Recorder,523b8b60-b352-4303-98d1-f7e7664b1408,david shaper,1,crashes mid recording. useless.,1,2025-10-15 09:53:14
com.ma.waveapp,Wave AI Note Taker & Recorder,464d7c4e-903d-4c43-85bd-30e4d7db9bbc,Ronke Onakoya,4,"I wish I could use it on my Samsung tablet. However, it's a great app.",3,2025-10-13 06:50:41
com.ma.waveapp,Wave AI Note Taker & Recorder,2b6ed569-48ba-4108-850d-85b5e5e51443,Joelle Robello,4,love it i think it's perfect for what I need it for,0,2025-10-12 00:04:50
com.ma.waveapp,Wave AI Note Taker & Recorder,00568b27-d472-4ec9-b4f3-30b9ec849b2e,Othmane Rachedi,5,Great app - the summary function is super helpful,0,2025-10-09 16:43:45
com.ma.waveapp,Wave AI Note Taker & Recorder,ae19ce12-6520-49f6-bfd9-514720f56b50,Matt Colton,1,it doesnt link to Aus mobiles - other AI does the same for free. No support.,0,2025-10-09 11:02:44
com.ma.waveapp,Wave AI Note Taker & Recorder,ad070433-8d57-4b75-87d2-a5d854039d19,Richard Gunn,3,"originally I gave it 5 starts as what it can do is awesome, but on my pixel it's hard to share the content due to the placement of the share button and the same with the x. it's in the top corners of the screen and half the time the press doesn't work.",1,2025-10-09 09:04:59
com.ma.waveapp,Wave AI Note Taker & Recorder,10b3f50b-f019-4e99-819f-09c8b9136042,Lesley-Ann Hoare,5,Amazing results from the meetings! Such clear and concise summaries. Great app.,1,2025-10-09 03:56:24
com.ma.waveapp,Wave AI Note Taker & Recorder,ad6aef49-e0eb-4ae4-af5e-9ba18d7f5d86,Juan Arenas,5,game changer! great note transcript.,1,2025-10-08 21:14:19
com.ma.waveapp,Wave AI Note Taker & Recorder,6bf39ec8-1748-4f2a-8876-579da61b5edd,Elaine Maniscalco,5,works wonderfully!,0,2025-10-07 20:32:26
com.ma.waveapp,Wave AI Note Taker & Recorder,24775a2d-3864-475b-8870-0667efbbbb5f,Arafat,1,"Unreliable! It crashes in the middle of meetings leaving you with useless recordings and no transcript or summary. It's great when it works but it's not consistent. I just lost another important meeting today because of it. The technical support didn't help, attributing this to Android issues! Why do you release apps if you know it's not optimized for whatever system? I cancelled my account today.",26,2025-10-04 01:47:36
com.ma.waveapp,Wave AI Note Taker & Recorder,b76de510-f05f-49e2-ab7a-18a4df1905a1,Julie Thomas,1,App doesn't work. Its supposed to record meetings and then process transcripts and summaries. Nope. Tried 3 meetings and get nothing. I paid for a month. Will not renew my subscription as it's useless.,3,2025-10-02 17:29:04
com.ma.waveapp,Wave AI Note Taker & Recorder,5e108f50-fffd-4bbf-a8bc-a15f53ad1fb0,Dionne Clelland,3,"It very much seems like a good idea for an app and would be good to use but it keeps crashing. I try to add my mobile number and it glitches and I have to keep trying to select ""United Kingdom"" inside the glitch, then I manage and it gives me a code to enter and tells me they will call me Immediately, which the call hasn't came through, I've tried this 4 times now. still nothing. it does look like a good idea for an app but, it's very much not working for me. I'll probably just uninstall it.",12,2025-10-02 15:56:30
com.ma.waveapp,Wave AI Note Taker & Recorder,77932545-0e68-47d3-81ac-e54b30b13778,Alex Cherneski,1,"this app is just like EVERY single other. it gives you ONE translation from your recordings. then refuses to translate any others. if you delete the first one and try to make a different one, THEN it'll demand that you pay a subscription to use it.",1,2025-10-02 12:53:03
com.ma.waveapp,Wave AI Note Taker & Recorder,61191f18-772e-4132-ba41-3d5b251b0e96,LaKindrall Jageshar-Beacham,5,"wow, this exceeded my expectations!",0,2025-10-01 01:30:09
com.ma.waveapp,Wave AI Note Taker & Recorder,492be11b-3d12-4d75-a7e9-5a4afa3ac350,Josie Defo,2,"Why does it crash so much recently? I love the app. UI and transcripts are awesome, but the recent crashes are just so annoying pushing me so close to leave. please fix it",0,2025-09-30 23:03:00
com.ma.waveapp,Wave AI Note Taker & Recorder,0b66d567-ccbc-4d9f-8276-4f91ae77f67a,Blair Goldade,5,this app works flawlessly!!,0,2025-09-30 16:40:09
com.ma.waveapp,Wave AI Note Taker & Recorder,28e72bf0-4f76-4c6f-8d88-81f5757b8db2,Dee Quikk,1,doesn't pick up audio when in meetings and only pick up 1 or 2 words from an hour meeting,1,2025-09-28 16:25:12
com.ma.waveapp,Wave AI Note Taker & Recorder,fda29a84-aa6f-4227-97d4-1858223f228f,Charles Ballentine,2,"Accurate transcription and impressive summaries led me to subscribe for 1 month. But recordings got stuck & couldn’t be retrieved, ""selection"" buttons malfunctioned, and file import never worked. After installation, my phone slowed dramatically. Tapping any phone icon would take several minutes to register, like sending commands to Mars Rover. Uninstalled early—No regrets. Performance returned instantly!! Support replied fast for MOST complaints but nothing helped. App Not ready for prime time.",0,2025-09-27 03:10:13
com.ma.waveapp,Wave AI Note Taker & Recorder,7e8e652d-7ed7-40c6-93f4-458d53c42b9e,Patricia Fitzpatrick,1,"crashes, won't stop recording, multiple failed recordings, all in 1 day, my first time using the app. Not a good impression at all. Refund? Because it's useless 😔. Notes are non-existent for most of the day.",2,2025-09-26 22:13:49
com.ma.waveapp,Wave AI Note Taker & Recorder,1b85dfd9-b3c0-4d12-8146-fbe2eaa4dac0,zempupp,3,"As a broke college student, I was looking for a free app to record my lectures. Wave let me record about two times before locking me behind a paywall. Even after deleting one of my recordings, it still wants me to sign up for a payment plan. It's a neat app, but it's just unfair that the limit for non-paying users is like two recordings.",15,2025-09-26 12:41:38
com.ma.waveapp,Wave AI Note Taker & Recorder,c299ef87-252a-414e-ae4c-2d2cb92e31c4,Carol MWAURA,5,"Accurate, able to accurately recognise speech even for non English speakers. Best feature is that it actually summerises in logical professional context. the sumnery can be exported to word or pdf, thereby enabling you to extract a complete and professional copy of the minutes. Perfect for professional minute or note takers, this is a game changer and will considerably reduce manual effort and errors. It's a bit too costly though.",26,2025-09-25 10:58:03
com.ma.waveapp,Wave AI Note Taker & Recorder,d38eef00-6413-41f3-9bc8-ce395bdced88,Gen Shelley,5,Rad product. This has been so helpful for the Marketing projects I am doing at BYU!,0,2025-09-25 04:11:12
com.ma.waveapp,Wave AI Note Taker & Recorder,97aa1848-49db-4a39-a968-444c03946575,Prince,1,"rubbish, tried verifying my number multiple times so it could record calls, but that's doesn't work, it would give me the code but then I never got the supposed call for me to input the code and finish verifying.",1,2025-09-24 09:04:34
com.ma.waveapp,Wave AI Note Taker & Recorder,2321ca68-385b-47bb-8e18-c9ac172a74bc,Thomas Kus,5,"Having tried a few note taking tools this is my favourite so far. It creates great summaries/minutes that are easy to organise, search and share. The annual Pro level subscription is good value for money compared to other similar ambient voice AI tools. The only bit I haven't been able to get working yet is phone verification.",3,2025-09-23 22:01:06
com.ma.waveapp,Wave AI Note Taker & Recorder,8c031e7b-bd50-465a-816c-855f26535598,Daniel Bundrick,2,"Today was the second 3-hour DnD session the app lost. After stopping the recording it just sits there at 0%. I actually paid money for this app when at the very least, a plane recording app wouldn't have lost the whole recording. Where do you even lose a recording? Do you just delete it?",2,2025-09-20 05:01:57
com.ma.waveapp,Wave AI Note Taker & Recorder,ad1c047c-4e2d-47b0-9e60-03ba85e9be2a,Crystal Garst,1,very expensive and wasn't advertised about price.,1,2025-09-18 19:45:14
com.ma.waveapp,Wave AI Note Taker & Recorder,9c78a5e9-23e3-4036-b643-fe818f6f461c,Shaelyn Witte,3,"thought it would be unlimited I love this app, it helped summarize a lot of lectures for me and make it easier to understand what is being told to me. I showed it to other people and I didn't realize there would be a limited amount of usage for this app. I'm upset about that. I just wish it was unlimited usage for free, maybe it would be cool if there was a free subscription for college students to use throughout their years.",3,2025-09-16 20:07:25
com.ma.waveapp,Wave AI Note Taker & Recorder,cf6f50a9-379d-4da7-875f-225116735e41,Charles Douglas,1,Horrible app! I've had Wave AI for a few months now. It often does NOT record the voice/conversation. Or it stalls/crashes in the middle of the recording. I've had to rely on other (cheaper) note takers to prevent the frustration of sitting through a meeting only to discover this AI app failed once again. It operates about 30% of the time. Highly recommend looking at other options. This has potential--but tons of flaws/bugs.,26,2025-09-16 10:16:52
com.ma.waveapp,Wave AI Note Taker & Recorder,dd52f3ac-00e9-4ec4-9261-bbfa4147d8a9,D Galland,1,"I'd like to give this app a good review, as it offers useful features. After testing, I used it to record an important interview, and though I checked periodically to be sure it was recording, after we finished I found that the interview did not process. The company tried to help retreive it, but the recording was lost. Thus, it failed in it's primary use case, leaving me with no recording, transcripts or even handwritten notes. Huge fail. I hope they do better.",12,2025-09-15 17:39:06
com.ma.waveapp,Wave AI Note Taker & Recorder,3fa59156-2ffe-491a-b8af-5672432db5f5,Ryan D VB,5,Works.,0,2025-09-15 10:49:00
com.ma.waveapp,Wave AI Note Taker & Recorder,29cf84f1-cc18-4da4-8563-284b8aebc97f,Victor Ellsworth,5,Marvelous,0,2025-09-13 23:34:00
com.ma.waveapp,Wave AI Note Taker & Recorder,b60947a1-35b4-4134-bf9b-22b5ed2e38ca,Nate Jimenez,5,Good so far,0,2025-09-13 20:41:51
com.ma.waveapp,Wave AI Note Taker & Recorder,8f5ad5f6-4797-472f-a161-1917c9cae090,John Lindsay,5,Yeah. Very impressive. Very intuitive. Far better transcriptions than others I've used. Virtually error-free. The AI summary feature is nice as well. The ads are a bit too aggressive although relevant. They throw me out of the flow of the program. The transcript can be edited but the phone keyboard covers all the text of the transcript so I can't actually see what I'm trying to edit.,103,2025-09-12 23:56:17
com.ma.waveapp,Wave AI Note Taker & Recorder,cfc3c8b7-33db-40a6-ac0f-7e3c631b92d4,J Brady,2,"I tested Wave with a one-week subscription and ran into some problems. When connected to my Chevy, having notifications enabled in the app causes my car to think I’ve dialed voicemail. The audio cuts out, shows a voicemail call for about 10 seconds, then disconnects before music resumes—this cycle repeats constantly. I also had to disable microphone access to stop the interruptions. Otherwise in my shorts trial, I have been pleased with it. but no way I can justify a subscription.",17,2025-09-12 21:53:14
com.ma.waveapp,Wave AI Note Taker & Recorder,a09b2332-9d6c-44f0-adee-056d314156a9,CasU 8,1,"Terrible, I recorded my class and it made the transcript but when I left the app and came back, everything was gone. But it says I need to pay to be able to record more since I used all the space",3,2025-09-09 18:32:20
com.ma.waveapp,Wave AI Note Taker & Recorder,bc2f8e8b-e25e-4f29-aa96-0430afd2d691,Melanie Collins,5,great app .. really helps,0,2025-09-09 02:38:36
notion.id,"Notion: Notes, Tasks, AI",242612c4-3a03-4dc9-93ee-b63be39b1b08,منئ عشم الله,5,wow,0,2026-02-19 12:29:47
notion.id,"Notion: Notes, Tasks, AI",36e4476e-4afc-482a-9303-c91b9a37967b,Yosef Begashaw,5,nice,0,2026-02-19 11:30:33
notion.id,"Notion: Notes, Tasks, AI",6b938f91-d9d0-4855-9759-9e34f658760c,Howard Perry,5,great for professional use and currently trying to integrate it to useful for personal use,0,2026-02-19 10:38:53
notion.id,"Notion: Notes, Tasks, AI",5c77d876-d7d8-4861-a3f4-622e6f80bf5c,Andrew D'Angelo,3,"great app, seamless with the desktop version. sometimes individual pages will freeze or appear overwritten and the app needs to be closed and reopened at which point all the syncing snaps back to normal. scrolling can also be a little choppy for some reason but it doesn't impact anything.",0,2026-02-19 05:04:38
notion.id,"Notion: Notes, Tasks, AI",204e2491-82c1-4b11-9957-1b05943021a1,Cailyn L,5,"Perfect for all notetaking, planning, and lists! There are lots of fun templates to use or make as well! I would recommend this as a notes app.",0,2026-02-19 04:14:52
notion.id,"Notion: Notes, Tasks, AI",ffae468a-943b-46ab-91e8-402bd46bc521,Dachae Johnson,5,"So far, so good. Thanks for the fact that the app auto saves so accidents are few. Truly appreciate this app and the many functions and features.",0,2026-02-19 04:01:43
notion.id,"Notion: Notes, Tasks, AI",b8450c7e-5409-4e7a-8237-c0d7f5ddf507,Subrata Dey,1,"very bad, no smooth like google notes",0,2026-02-19 01:37:42
notion.id,"Notion: Notes, Tasks, AI",35e44c25-b2db-4d87-a132-853a62e996b3,Shannon Rogers,5,I use this for for my general living lifestyle to do dashboard. I find it really effective at updating. I really love notion.,0,2026-02-19 00:27:20
notion.id,"Notion: Notes, Tasks, AI",58efcc3c-d9d4-4a48-858d-3613089e9ff5,Partha Dhar,5,best app ✨,0,2026-02-18 19:29:09
notion.id,"Notion: Notes, Tasks, AI",85b07ffe-f451-4f45-b3ce-925da74c34e1,Haider A.,4,Bring Amoled (full black theme). Saves battery,0,2026-02-18 19:08:35
notion.id,"Notion: Notes, Tasks, AI",926dce77-88c5-4262-ac91-d8c03c78bdf7,Saidul Islam Reza,5,best note taking app ever ⭐⭐⭐⭐⭐,0,2026-02-18 19:04:17
notion.id,"Notion: Notes, Tasks, AI",ef31d77f-f675-46d7-9056-920f06472834,Estif Man,5,supportive,0,2026-02-18 12:17:27
notion.id,"Notion: Notes, Tasks, AI",df12544f-4598-4f9c-92a8-f2cb6b8351e2,cha krii,5,nice,0,2026-02-18 06:48:21
notion.id,"Notion: Notes, Tasks, AI",6873b9f3-80c3-43f6-a8f7-d751e363f7a7,chavda kishan,5,good one,0,2026-02-18 04:27:47
notion.id,"Notion: Notes, Tasks, AI",b3d9bcc1-e25c-4ff5-9d38-eeba9d0e292a,ken gibson,5,Great for song lyrics,0,2026-02-17 23:35:01
notion.id,"Notion: Notes, Tasks, AI",29e55fe5-b97e-46d1-9fd9-51a8d5c245ff,andha mohammad,5,"Love this app so much!, Hi again Notion (new update 18 Feb 2026), I just want to express how grateful I am to find you as my digital journaling, even though I've stopped for subscription for a while, I hope will subscribe it again in the future, for now still using it a free mode. I just updated this app and just realized now I can write my journal by using a microphone, all I need to do is just speak on my mobile phone and bang.. it writes by itself 🥹😍",1,2026-02-17 22:06:58
notion.id,"Notion: Notes, Tasks, AI",f06df56c-5f4c-4e1e-9515-99b63009ba4f,Hezekiah Andrew,5,Nice app 👌,1,2026-02-17 20:26:22
notion.id,"Notion: Notes, Tasks, AI",8223bad6-813f-4117-aba8-566ebd97a679,simeon ayodeji,5,this app is the best when it comes to tracking of your progress!,1,2026-02-17 16:37:03
notion.id,"Notion: Notes, Tasks, AI",accb266c-8931-48b0-af6f-bd21ce6d1c16,Ahmed Benhenni,5,The best productivity app ever,1,2026-02-17 16:29:55
notion.id,"Notion: Notes, Tasks, AI",72e05906-41d1-4cff-ae97-2361b25f8038,Zachary Vigneault (Zac),5,"Great app for a multitude of things. I use it for grocery lists, game ideas, my D&D session planner and for character sheets and other stuff. It's pretty simple but has more complex features if ever you want to explore a bit.",1,2026-02-17 16:05:34
notion.id,"Notion: Notes, Tasks, AI",1219ac46-6c9e-4552-b050-325267abb329,Mariana Matos,3,"Currently, this app has been testing my patience on a daily basis. A recent update has made my experience with kanban boards a living hell, every time I try to move a note to a different column it opens up the note's settings. Please for the love of god, find a different way to do this. I beg you.",2,2026-02-17 15:35:53
notion.id,"Notion: Notes, Tasks, AI",b9d00ad7-b5ee-45f7-8317-be412bdd699d,John Grateman,4,amazing,0,2026-02-17 13:25:52
notion.id,"Notion: Notes, Tasks, AI",fb44c3a7-ff13-4bf6-b142-85d24491db87,Nadezda Ershova,3,surprisingly (after desktop) inconvenient to use on mobile🤷🏽‍♂️,0,2026-02-17 11:44:06
notion.id,"Notion: Notes, Tasks, AI",c3c1cb07-c47c-4f54-bb4e-fee8a3329416,Daniel Lohrey,1,"Slow on mobile, closes keyboard when you turn the line into a check list",0,2026-02-17 05:17:07
notion.id,"Notion: Notes, Tasks, AI",370fd84c-13af-4cb0-a12d-0e04138409f6,MD. TOHA,5,It helps me a lot.,0,2026-02-17 04:49:29
notion.id,"Notion: Notes, Tasks, AI",ec4be761-adcb-40f4-ae3b-5138801e034a,Darshan Gavali,5,Best app for mind notes.,0,2026-02-17 01:28:47
notion.id,"Notion: Notes, Tasks, AI",6f6a5be6-7320-4def-93d3-5df3ec333bda,George Lacerona Jr.,5,Fantastic app!,0,2026-02-16 22:45:28
notion.id,"Notion: Notes, Tasks, AI",52ec2834-b4a1-484c-ba8b-a60592a3d672,Javanti Harrison,5,"Notion is one of the most flexible productivity apps out there. I like how it lets you organize everything—notes, tasks, projects, and ideas—in one place without feeling overwhelming. The interface is clean, and the drag‑and‑drop setup makes it easy to build pages exactly the way you want.",0,2026-02-16 20:20:48
notion.id,"Notion: Notes, Tasks, AI",fead95d6-8ba0-4f02-8ac6-9fbd1caf8126,Chris M,1,"Increasingly unstable, unreliable. Too many times lately sheets just crash. When working and trying to log data your app is becoming a hindrance rather than a help. Less AI bloat that only a minority of users want and more focus on getting the basics right please else you will be replaced.",0,2026-02-16 19:49:23
notion.id,"Notion: Notes, Tasks, AI",04115999-2597-4d53-8533-df52f71ff596,S i m a,5,Luv it,0,2026-02-16 17:01:51
notion.id,"Notion: Notes, Tasks, AI",e2bd4c27-7e42-46a9-90cd-ca7af71b4c62,Abrish Abrish,4,"Perfectly crafted platform... but the mobile version is kind of slow, even in high end devices.",0,2026-02-16 17:00:17
notion.id,"Notion: Notes, Tasks, AI",3759a7a6-a7f5-4f17-9495-36a1a97b1c8c,Nor Hamdy,1,fold screen problem ⚠️ the app working good on mobile but when it comes to the fold screen it start to get extremely buggy.. like nothing response and most of navigation buttons disappear .. i have a honor magic v3 device,0,2026-02-16 16:31:27
notion.id,"Notion: Notes, Tasks, AI",7975e7a7-285e-4964-8031-e3d8b6b3201c,Ten H,5,very versatile and lots of options - loved it,0,2026-02-16 16:12:28
notion.id,"Notion: Notes, Tasks, AI",539eac80-98cc-4820-8026-ce80d9351d85,EVELYN ROSELY RICANQUI SEDANO,5,"I dint know about this app. But now im usin it, its amazing. Although its very complicated at the beginning but it really helps and make all your staff be in one place.",0,2026-02-16 15:11:44
notion.id,"Notion: Notes, Tasks, AI",3e012127-8781-4f07-ac54-1c988c1f2ebf,K P,4,"Overall, a great product. The only issue I run into is that editing pages on mobile can be clunky at times, but aside from that, I’m very happy with it.",0,2026-02-16 14:02:30
notion.id,"Notion: Notes, Tasks, AI",7d84058e-1b96-4c4e-9415-00ed97082d82,Maidul Chowdhury,1,disgusting app,1,2026-02-16 13:38:34
notion.id,"Notion: Notes, Tasks, AI",97b350c0-5d2f-4af4-98ee-abd3ddfa75ec,Layke Bi,5,good,0,2026-02-16 11:05:07
notion.id,"Notion: Notes, Tasks, AI",9a0f5c71-f1db-4995-b2f7-90fbfe076ed7,Charity Tembo,5,very use for all in one,0,2026-02-16 08:58:54
notion.id,"Notion: Notes, Tasks, AI",338d6282-2a60-45d6-982c-854ce0d3d5dd,Zaro Hiito,4,it's best for anyone but very difficult to understand it's mechanism,0,2026-02-16 08:50:02
notion.id,"Notion: Notes, Tasks, AI",ca3c8fbe-0245-4d9c-9554-24582565188a,Rakhi Dhavale,5,It's my favourite app.,0,2026-02-16 07:54:49
notion.id,"Notion: Notes, Tasks, AI",ff46adac-9940-41b0-b226-88f27c75b130,JiSoo Choi,3,"The app version is horrible. I love using Notion for my phone, desktop, and chromebook. *The chromebook version is horrible.* I can never navigate through my main menu. It automatically goes to the most recent page I was working on. The app works just fine in my phone and desktop. But for some reason, it does not work on the chrome book. Also, when I make edits through Chromebook, with my writings, it would automatically deletes the whole section if I press back space. It's awful :(",0,2026-02-16 06:25:56
notion.id,"Notion: Notes, Tasks, AI",fc52760e-43ff-4fb2-8e39-928568f1a428,igazi hamis,3,"over complicated. Coming from keep and samsung notes,I don t think this app will survive more than ⁵min ..Opps..5min gone.Still don t understand half of the useless features. Sorry Delete!",0,2026-02-16 04:13:00
notion.id,"Notion: Notes, Tasks, AI",1e65ca61-1feb-4fa4-8412-fa30f9d6961e,Athena Maddox,4,"Would definitely appreciate if they took the ai out of it but sure, it's nice",0,2026-02-15 23:48:56
notion.id,"Notion: Notes, Tasks, AI",9dbe72df-f780-4eee-a3b0-7b492303fd68,Tiffany Valentine,1,"idk whats going on but won't let me use templates every time I click to use it it shows me the search page no matter what, this really bothered me because I love notion and wanted to use it to plan some big things in my life but I'll have to stick with my terrible phone note app for now until it's fixed.",0,2026-02-15 21:07:09
notion.id,"Notion: Notes, Tasks, AI",6bd3542d-8217-47cb-9111-f2d6046e811d,OoB2,3,"I am glad they included an AI assistant in this - I was able to determine it did not have the capabilities I needed just by talking to it, preventing me from wasting my time experimenting with this app when I could be trying competitors.",0,2026-02-15 17:13:58
notion.id,"Notion: Notes, Tasks, AI",d516ec0f-602e-4097-b952-dc9ba9979e85,Jin Khang,4,"if can simplify, and unlimited ai assist will be better...",0,2026-02-15 14:35:41
notion.id,"Notion: Notes, Tasks, AI",475e8d6b-a41c-414d-9638-9fc423b0054d,Reyhaneh Khoshghadam,1,really buggy,0,2026-02-15 14:28:45
notion.id,"Notion: Notes, Tasks, AI",e064f82f-665b-481a-b017-98a8afd3f784,Sebastian Reinholdtsen,4,"used it for years, quite happy with it",0,2026-02-15 11:51:46
notion.id,"Notion: Notes, Tasks, AI",605b5fd0-7f08-49de-afbc-31287cc4000d,Filmon Sol,5,best app ever !!!,0,2026-02-15 10:13:21
notion.id,"Notion: Notes, Tasks, AI",94cdcbe5-264f-4015-ad26-a648e39bcab5,John Karter,5,"no bugs, no ads, really understandable and free, appreciate u guys for the app,",0,2026-02-15 09:22:21
notion.id,"Notion: Notes, Tasks, AI",2e160b64-1e98-4ee7-bac4-a085d4b44858,Eric Yang,3,頁面切換速度慢，資料庫的欄寬不好在手機上調整，但功能真的很齊全，好用,0,2026-02-15 08:59:25
notion.id,"Notion: Notes, Tasks, AI",ce0e96bd-ee50-4fec-88a7-1dd654e4f135,devesh verma,5,exceptional for assigning and monitoring tasks and personal notes.👍,0,2026-02-15 07:40:30
notion.id,"Notion: Notes, Tasks, AI",fe40014f-c4cc-44a5-9dca-f099bf532589,Christina Eliz Santiago,5,"This app has helped me stay organized, and it's easy to use. It's also a great app to write on, it doesn't get erased and stays as is unlike other apps. It also has a lot of functions whether you're an employee, a student, or just want to use it for personal use.",0,2026-02-15 03:30:17
notion.id,"Notion: Notes, Tasks, AI",6bac01ec-fa49-4718-87ce-42e42439ed80,Joe Kelley,1,"While I was setting up notion, I suddenly started getting virus like notifications saying that my Nortons subscription payment was in error. 3-4 notifications at a time, all looking like Chrome messages. My Norton subscription payment is automatic and paid! I'd delete these messages, and immediately they'd pop up again and again. I ran a Norton smart scan twice, seemingly no virus. Yet the messages kept coming. I cleared the Chrome cache. Had to uninstall notion to fix.",0,2026-02-15 03:17:25
notion.id,"Notion: Notes, Tasks, AI",f59e80d8-fda6-4e74-8aff-5875bab9f5dd,Wynaphine Youtube,5,"The many free templates are a godsend. I use Assignment Tracker and absolutely love it. It's a bit much to learn but over time, you'll become familiar with how to make your own templates. It has really helped me keep track with college. Between this app and 'Structured' (seperate app), it's been so easy to plan when my assignments are due, how urgent, and when I want to work on them. Again, it's a bit confusing to learn and manipulate, but the templates are the real money shots here.",2,2026-02-15 03:02:09
notion.id,"Notion: Notes, Tasks, AI",7c6eb817-4e4e-4961-8e30-101d65273871,Amal Adithyan,1,patti nayinda mone endh tengayan kanich vechakanth,0,2026-02-15 01:37:37
notion.id,"Notion: Notes, Tasks, AI",7a5b0556-a3da-430d-9625-3fd6027cb72a,Ehsan Ahmad,5,Best Note Taking App,0,2026-02-14 18:16:18
notion.id,"Notion: Notes, Tasks, AI",14efe15f-2f53-47fa-90e1-9ad1e2051383,Amjad AbdulShakoor,4,An excellent database with a user friendly GUI. Wish one GUI could handle multiple databases..,0,2026-02-14 17:19:28
notion.id,"Notion: Notes, Tasks, AI",8f2eee7b-fc78-441a-8c7c-b7b1cc4522de,Mecha Striker,5,"Best app for project organization, writing and much more. Imo Notion is better than Google docs, Microsoft 360, and basically every other documenting app. obsidian or Google notes are maybe better for simple notes and writing but if you're looking for more advanced options Notion is the best pick in my opinion, can even be used on mobile so you can work anywhere you go, unlike a certain google documenting app....",1,2026-02-14 13:53:25
notion.id,"Notion: Notes, Tasks, AI",ff909317-2d82-4cbc-9e54-142004d285eb,Ian Kamau,5,I love how easy it is to create and assign tasks. I have no issues with it 🙂,0,2026-02-14 12:31:58
notion.id,"Notion: Notes, Tasks, AI",6db30bd9-9608-48af-96ba-49ee99c4086a,Ahmed Yoomin,5,good luck 🍀🍀🍀,0,2026-02-14 11:43:04
notion.id,"Notion: Notes, Tasks, AI",a2283762-53be-4e72-a5d3-22020f09a544,Alim Khan,4,very good app,0,2026-02-14 11:19:57
notion.id,"Notion: Notes, Tasks, AI",f3207506-443b-40d8-aa87-4d05a8acb2e6,Prince Sachdeva,5,good,0,2026-02-14 03:21:09
notion.id,"Notion: Notes, Tasks, AI",6fdab4f9-9796-4237-b896-23282e41ac79,Bryn Barker,5,Easily one of my favourite apps ever. Notion is an astoundingly high quality app for notes and general organisation. I don't even need a dedicated tasks app anymore thanks to Notion's Kanban board views.,0,2026-02-13 22:44:30
notion.id,"Notion: Notes, Tasks, AI",3e1604ee-e2dd-4740-9dc6-4cd1b9f5f9a0,Gregg Cohen,5,too much to praise. it's a simple yet powerful information formatting usage tool. one can liken it to to a Swiss army knife,0,2026-02-13 22:27:25
notion.id,"Notion: Notes, Tasks, AI",3fb4385f-e99f-4c12-83e9-7f45c209639c,Sayan Datta.,1,totally useless and wastage of time,0,2026-02-13 21:21:42
notion.id,"Notion: Notes, Tasks, AI",e7ac7dcb-440a-4a96-b354-b43aab6ee7d6,Ayush Kumar,5,good,0,2026-02-13 19:11:09
notion.id,"Notion: Notes, Tasks, AI",67c7eb05-59c3-4f2b-972e-a54845eb7413,Manny P,4,"my main notes app, I would give 5 stars but there are a few bugs still not fixed. 1. sometimes if you are on a note and switch apps, the note will not load when you switch back to notion. You can see your notes but clicking the note will open a blank page. Notes only load after restarting the app. 2. If you have notes with tables, when manipulating a table (re-ordering rows or focusing a cell to type) the page jumps to the bottom. You have to scroll back up to where you were",1,2026-02-13 17:37:37
notion.id,"Notion: Notes, Tasks, AI",9f42b8ce-f0ed-4c1e-9c99-bf0f5071476d,Wowojekej Owjwo,1,"I cant see my lists, my wifi is fine but it keeps saying connect to internet.",0,2026-02-13 17:32:03
notion.id,"Notion: Notes, Tasks, AI",e7943887-c3a3-4359-bd9b-ccbdbe906450,Carlos Marquez,5,It's a great app! Intuitive easy to use.,0,2026-02-13 15:55:57
notion.id,"Notion: Notes, Tasks, AI",43ca050d-d1d4-4efd-bf1d-60d892260dac,Serg Shevchenko,3,"After a recent upgrade kanban (board) view broke for my sprint system, just says ""something went wrong"". There is no ""end sprint"" button in the android app, ending the sprint and transferring tasks to a new one is a chore. Couldn't figure out the Feedback button - it just creates a new page? Edit: updated the score from 1 to 3 stars. I figured out you can open the sprint board web interface in a browser, fetch the desktop version of a page, and end sprint / reset whatever. Android app is :(",0,2026-02-13 13:50:11
notion.id,"Notion: Notes, Tasks, AI",07d197f0-57bb-4b24-8f03-a6ef77a80143,Noman Khan,4,very best and free for journaling and for saving data.,0,2026-02-13 13:08:18
notion.id,"Notion: Notes, Tasks, AI",ea9f7534-96aa-4ae5-9991-354a7d34831e,Александар Ристић,5,I've installed it few months ago. I was trying to find some software for documentation that will work both on mobile and laptop. And it was a good decission. Great software!,0,2026-02-13 08:29:46
notion.id,"Notion: Notes, Tasks, AI",bcc1cbb6-b5d9-4e43-b52d-aaa6fcda1927,Aditya Sahani,4,"great app, a little bit overwhelming at first use but awesome afterwards",0,2026-02-13 08:00:18
notion.id,"Notion: Notes, Tasks, AI",24a62333-eb8a-4ec2-9d4c-662353b333c0,Dikshep Kulal,5,It feels magic. customisation is amazing.,0,2026-02-13 05:34:53
notion.id,"Notion: Notes, Tasks, AI",18b54725-8383-4e0d-b6d4-275163dbcf25,Orewaa Hardikk,5,great app,0,2026-02-13 05:22:50
notion.id,"Notion: Notes, Tasks, AI",177c63bb-fd56-4c61-a816-696f829baffe,Kureti Krishank,5,"if you want to get your s**t together and start being productive, this is where you start.",0,2026-02-13 03:33:33
notion.id,"Notion: Notes, Tasks, AI",26191e66-9bd7-4e25-897a-39389ac70b7f,Madhuri Meshram,5,good,0,2026-02-13 01:07:05
notion.id,"Notion: Notes, Tasks, AI",7b5e1a40-5d57-4b7a-8806-479b219caa6a,Vorleak Tv,5,"I love it, Very Useful",0,2026-02-12 23:08:19
notion.id,"Notion: Notes, Tasks, AI",1102b36d-fbae-4847-96b7-ef44aa17f2ad,FAHIM 1,3,This apps to much laggy not optimized enough need more optimization,0,2026-02-12 19:39:29
notion.id,"Notion: Notes, Tasks, AI",7baf9c8a-b04d-4828-8cee-e649d713d542,Daniel Williams,1,"NEVER using Notion again! Spent hours writing a document only for it to completely disappear the next day. Yes I was connected to the Internet the entire time, and The support team is completely useless. If it can't do the only thing it's supposed to do correctly, which is save as you type, then what is the point??",3,2026-02-12 19:17:16
notion.id,"Notion: Notes, Tasks, AI",0712d610-40ba-496a-b350-671424721746,Daniel Aleksandrov,5,awesome organization app with subpage and subthread methods that make it easy to keep all my notes in a managable and comprehensible manner. There are no ads and the app is fast. Exceeds my expectations!!,0,2026-02-12 18:31:43
notion.id,"Notion: Notes, Tasks, AI",cd37e31b-acfe-4cab-86fe-3cf96b2eee68,Imran Zafarr,5,perfect for me cause I need to do lists 24/7,0,2026-02-12 18:31:26
notion.id,"Notion: Notes, Tasks, AI",10af6a3d-2866-45e1-84f5-571ad1ecdd04,Thuya,1,"not reliable. while the app can be useful , it is not something to take serious. you're better off using an Adobe or Google program to make sure your data stays put. With Notion, you'll create a whole page , a whole planner and then you may come back the next day and everything is erased. Sometimes your info comes back and other times you never see it again. I dont want to depend on that inconsistency to organize my life",0,2026-02-12 15:47:54
notion.id,"Notion: Notes, Tasks, AI",aa104754-013d-4336-a56d-97720ae57d06,Octavian,1,"Please let us select the region where our data is stored. I'm an EU user, so please let me use this region for data storage. We're living crazy times and I don't want to be part of the madness. i love notion, but not the country you've chosen as headquarters and I want to have nothing to do with it",5,2026-02-12 14:07:15
notion.id,"Notion: Notes, Tasks, AI",0c607f38-1e8a-4881-b923-8d2af910bf93,José Luis Cerón,5,Debería ser un poco más rápida en el celu . a veces se demora mucho en cargar. y cuando se queda sin red no se puede manipular una lista de tipo checklist así la página este configurada para uso offline,0,2026-02-12 12:52:40
notion.id,"Notion: Notes, Tasks, AI",a6bc9e06-072e-4358-aadc-d100b7f9189b,Mohamed Yasin,5,nice,0,2026-02-12 11:43:14
notion.id,"Notion: Notes, Tasks, AI",987df4d3-4b07-4787-be37-2f9d8d2b2b75,Muhand Mohamed,4,Happy with this service,0,2026-02-12 10:02:14
notion.id,"Notion: Notes, Tasks, AI",3dc06c26-2f89-4286-8aed-ea74099fd9ae,Darkened Life,5,"Astounding experience: good UI. However there's a little bit in the UX I want to point out: Selecting/blocking multiple blocks feels janky, how about hold to select multiple blocks instead? Allow us to type block commands too (/) like in PC. Allow us to type numbers in the date field (sometimes, I'm worldbuilding that requires a date outside of normal settings: e.g., Jan 2nd Year 500). Add a search bar in the ""Change To"" panel. Other than that, the app is good.",2,2026-02-12 07:14:26
notion.id,"Notion: Notes, Tasks, AI",4f71e819-abfa-42f0-bb59-2b4e2c2937e0,Khalid El Arabi,4,nice 👍,0,2026-02-12 02:57:07
notion.id,"Notion: Notes, Tasks, AI",14510367-f866-4db2-997e-8456ed09d2b7,Ratnesh Patel,3,App lags a lot,0,2026-02-11 18:29:09
notion.id,"Notion: Notes, Tasks, AI",424f7c8b-7d5d-4d63-933b-5c661fe83c48,DEBISA HEDE,3,I like it 👌 1000,0,2026-02-11 17:49:03
notion.id,"Notion: Notes, Tasks, AI",d44a5f9f-5e02-4c35-808c-1171ca0de1b9,Luyolo Lutho Mpendulo,5,brilliant app.,0,2026-02-11 17:43:46
notion.id,"Notion: Notes, Tasks, AI",1fc9a008-61b9-41e4-9b7f-969473ef4b00,A “‫קכ‬‎”,4,"Love the app, but the subscription costs are outrageous. Plus, the AI feature shouldn't be exclusive to the most expensive tier.",0,2026-02-11 17:37:08
notion.id,"Notion: Notes, Tasks, AI",9182f8b6-04fe-4229-b50d-cb57b87304c6,Allen Y.,5,"I love it. I use notion for everything now. work docs, journaling, notes. it sync with all my devices for free and the AI feature is awesome.",0,2026-02-11 16:49:44
notion.id,"Notion: Notes, Tasks, AI",b5019afe-4f15-4dbd-9cb5-ced07ff2a9a7,Kunal Shrivastava,1,Its laggy and has unintuitive design. I don't get why its popular,1,2026-02-11 14:56:54
notion.id,"Notion: Notes, Tasks, AI",7793c721-1cf5-43fb-aa4d-60a84565f4c5,Antwan,5,"I mean... do I need to explain? Top tier app for organization, notes, data, etc. Sure, you can't do collaboration stuff easily and you also can't really use the AI, but it's a PHENOMENAL app.",0,2026-02-11 12:38:04
notion.id,"Notion: Notes, Tasks, AI",2c3c091e-053a-4c1f-8163-9d3c4e3e75ae,Rohit Kumar Varma,4,"app is very good overall. its just its a bit slow and has some features are missing that i would have liked. overall good app, gets the job done",0,2026-02-11 07:16:46
notion.id,"Notion: Notes, Tasks, AI",685555d8-247a-4144-bc5b-864a5ce44081,Peter Bazalenko,1,"Electron slop, works like undebloated windows 11. The service itself is great though.",0,2026-02-11 05:58:52
notion.id,"Notion: Notes, Tasks, AI",336360a9-e5eb-49e7-8aff-edb2b1dfc5d0,Will williams,5,Able to work on projects with friends,0,2026-02-11 03:57:50
com.codespaceapps.meetingtranscriber,Smart Noter - AI Note Taker,beb1bd58-1664-4928-810d-990e363b3795,Aida Nabila,5,good,0,2026-02-19 01:51:44
com.codespaceapps.meetingtranscriber,Smart Noter - AI Note Taker,3a8593d5-d4ab-4da5-be93-e682d0e458c4,Aryan Zijlstra,2,it's taking all your recorded voice and sells that to commercial companies.,0,2026-02-18 17:30:41
com.codespaceapps.meetingtranscriber,Smart Noter - AI Note Taker,c2ff2bba-78b0-4a39-9ff9-61a9a26b8f91,AISARA BASHIR SHEHU,5,very good,0,2026-02-18 12:21:08
com.codespaceapps.meetingtranscriber,Smart Noter - AI Note Taker,9dc3f259-b4a3-4881-bd4f-16482b9b2a8a,Lethabo Kgafela,5,👌,0,2026-02-18 10:12:25
com.codespaceapps.meetingtranscriber,Smart Noter - AI Note Taker,98273515-26ce-4942-a14e-4ac60262e999,Judy Maisa,4,"This is a good smart artificial intelligent app, I highly recommend it.",0,2026-02-18 05:33:05
com.codespaceapps.meetingtranscriber,Smart Noter - AI Note Taker,babfcf7e-544a-41af-872d-45e98a507ede,Samuel David,4,Very good,0,2026-02-18 05:03:06
com.codespaceapps.meetingtranscriber,Smart Noter - AI Note Taker,b56deb32-e28b-42f6-baae-b2e6aeb9351f,Anna Gonzaga,5,good and very helpful,0,2026-02-18 02:03:54
com.codespaceapps.meetingtranscriber,Smart Noter - AI Note Taker,e3f0d21c-406c-401f-9d17-cafef9d3c074,Malaysia,3,Prefer free and no need to download. As provided by WhatsApp.,0,2026-02-18 01:48:17
com.codespaceapps.meetingtranscriber,Smart Noter - AI Note Taker,1b6087d6-784f-4d1c-a627-2b09e48a89fb,Akani Stanley,5,it will work out for me...my secret way out... downloaded the add it amazing 😍..,0,2026-02-17 22:23:33
com.codespaceapps.meetingtranscriber,Smart Noter - AI Note Taker,7513e124-9f1b-4d2a-96af-c6eb61f9510e,Roger Now Jr.,5,awesome,0,2026-02-17 19:15:12
com.codespaceapps.meetingtranscriber,Smart Noter - AI Note Taker,3aa2266a-e80a-47e3-9db7-87ecd71fc0b9,Jonathan Panican,5,nice and easy to use,0,2026-02-17 05:50:56
com.codespaceapps.meetingtranscriber,Smart Noter - AI Note Taker,c9e28837-341f-4fed-a729-a89b6d0df6bc,Khalid Abed,5,it ok,0,2026-02-17 03:55:56
com.codespaceapps.meetingtranscriber,Smart Noter - AI Note Taker,d56d9007-f40c-4ef0-9447-30c630b3d3c6,CA Naresh Khubchandani,5,nice,0,2026-02-17 03:50:27
com.codespaceapps.meetingtranscriber,Smart Noter - AI Note Taker,7d6c5716-afba-4d60-ac7e-942ee0aaa147,GreartisUr Faithfulness,1,this app has taken my funds for 2 years..very disappointed as it want not used since 16/01/2024...I need my refund,0,2026-02-16 23:40:02
com.codespaceapps.meetingtranscriber,Smart Noter - AI Note Taker,8a3eafdb-36f6-4919-81bb-dd9936fc2c39,Odiboh Fidelis,3,nice,0,2026-02-16 15:27:28
com.codespaceapps.meetingtranscriber,Smart Noter - AI Note Taker,8802cc6f-a0b2-436c-9ea6-32d97d58f330,Promise Nwanesi,5,very good,0,2026-02-16 10:00:51
com.codespaceapps.meetingtranscriber,Smart Noter - AI Note Taker,ce44ded8-b5f8-4028-9e07-cc5946bcf6a5,April joy Babac,5,perfect,0,2026-02-16 02:42:20
com.codespaceapps.meetingtranscriber,Smart Noter - AI Note Taker,fdd12f9c-3894-4605-8c21-de80cd23ca51,Livan,5,جيد جدا في استخلاص الفوائد من المسموعات ما شاء الله عمل رزق بثماره و الحمد لله على النتائج الحاصلة من عملكم و شكرا لكم جزيلا,0,2026-02-15 22:00:27
com.codespaceapps.meetingtranscriber,Smart Noter - AI Note Taker,937b5498-05ee-4503-a93d-7a682882880e,Fla Vio,5,it's good,0,2026-02-15 12:13:38
com.codespaceapps.meetingtranscriber,Smart Noter - AI Note Taker,f1ca0f80-d205-43a5-8301-e4b33bf12090,Zino Apena,3,89% accurate. This is good.,0,2026-02-15 09:08:26
com.codespaceapps.meetingtranscriber,Smart Noter - AI Note Taker,d04db74f-7756-4769-938a-84300566b89e,Rajesh Kumar,2,free version not available,0,2026-02-14 15:59:03
com.codespaceapps.meetingtranscriber,Smart Noter - AI Note Taker,5b5614f9-167a-47ca-9b5d-d81d0ffe9d98,Sandile Malaza,5,good,0,2026-02-14 11:34:08
com.codespaceapps.meetingtranscriber,Smart Noter - AI Note Taker,308cc172-858f-4d60-b30d-b6ae0c8d4abf,Bertrum Smith,1,I'm trying to get the other apps on my phone but it keeps coming up and blocking my screen. I get tired of this. I'm going to delete it,0,2026-02-13 12:46:02
com.codespaceapps.meetingtranscriber,Smart Noter - AI Note Taker,4342adb6-c151-4352-97a4-e58415575137,Atanu Pan,5,very good,0,2026-02-13 11:21:24
com.codespaceapps.meetingtranscriber,Smart Noter - AI Note Taker,635a0063-ecd9-434c-8006-f4eed521f618,Yagya Raj Neupane,4,nice,0,2026-02-13 09:56:24
com.codespaceapps.meetingtranscriber,Smart Noter - AI Note Taker,55f032ab-720f-484a-b4ce-44e44196b6c1,Phillip Newman Mazuko,5,it is very good 👍,0,2026-02-13 09:04:19
com.codespaceapps.meetingtranscriber,Smart Noter - AI Note Taker,5a06fdcb-9ed2-4be7-9ef6-a2a3cac49546,Joy Arceo,5,great buy with payment eventually.,0,2026-02-13 05:17:43
com.codespaceapps.meetingtranscriber,Smart Noter - AI Note Taker,bf09acf0-daba-4466-95a9-04cdc5905147,Cristobal Hurtado Gonzalez,5,excelente,0,2026-02-13 04:28:27
com.codespaceapps.meetingtranscriber,Smart Noter - AI Note Taker,b57b26be-2f87-4f83-b4aa-b91e60b32d27,Mohd Razak Mohd Ibrahim,5,Good app. Thanks,0,2026-02-12 23:25:46
com.codespaceapps.meetingtranscriber,Smart Noter - AI Note Taker,7091354b-9835-4391-8407-3c9797ef4f5c,Joshua Lauderdale,3,loved the app hate the cost. I would totally keep the subscription for 10 a month but 10 dollars a week 520 dollars a year no way I can make that make since/cents,0,2026-02-12 21:30:05
com.codespaceapps.meetingtranscriber,Smart Noter - AI Note Taker,cf851b98-d1e1-416a-b47f-32fa83b41ccb,Andrea Billions,5,good,0,2026-02-12 18:23:23
com.codespaceapps.meetingtranscriber,Smart Noter - AI Note Taker,95ce9d6a-16f9-4996-97e6-2338ac7716bf,Cutest Latina,5,Top class🌟,0,2026-02-11 22:22:06
com.codespaceapps.meetingtranscriber,Smart Noter - AI Note Taker,e9dd5760-544c-4c15-8165-040c43d61e10,Solomon Woldemichael,5,I want to summary the voice record into minutes,0,2026-02-11 09:28:43
com.codespaceapps.meetingtranscriber,Smart Noter - AI Note Taker,71ce813a-f743-4c08-be1d-fa19204671c3,Stanley Nes,5,It's been cool using this app. I'm really enjoying it.,0,2026-02-11 03:55:54
com.codespaceapps.meetingtranscriber,Smart Noter - AI Note Taker,432e3fce-73e1-484b-9d7c-9b05ac37c5e1,folarin oluwafemi,3,good impact,0,2026-02-11 03:11:14
com.codespaceapps.meetingtranscriber,Smart Noter - AI Note Taker,5f1768d4-6d4c-4013-b1e9-fc468916570b,kelly Amimi,5,perfect app for everyday use,0,2026-02-11 00:30:03
com.codespaceapps.meetingtranscriber,Smart Noter - AI Note Taker,c4b2c66b-2e68-4af5-9cfa-fffdf1602f29,Mmolai Hloele,5,Good app,0,2026-02-09 19:38:16
com.codespaceapps.meetingtranscriber,Smart Noter - AI Note Taker,2546871e-8682-4c52-81da-b19a75805944,Simmone Gathers,5,give you the whole transcript break down details of which is being spoken about and what information is in there that you need to know. very effective app,1,2026-02-07 18:19:51
com.codespaceapps.meetingtranscriber,Smart Noter - AI Note Taker,728481c9-6640-4cde-bede-04e0b3de0361,Zaharaddeen GWARZO,3,good,0,2026-02-07 02:02:05
com.codespaceapps.meetingtranscriber,Smart Noter - AI Note Taker,4201a62d-cc1c-43f7-9502-83cc6bdd8315,PRINCE RAMIER KASSIM GANIH,5,Excellent,0,2026-02-05 20:40:17
com.codespaceapps.meetingtranscriber,Smart Noter - AI Note Taker,fa75cb6c-4db7-41fe-b354-79b4fc823f0b,joy tesoro-jara,5,fast and easy,0,2026-02-05 09:59:53
com.codespaceapps.meetingtranscriber,Smart Noter - AI Note Taker,81af3ac6-d26a-41b5-8a30-84184e740f11,Phuong Vy,2,difficult to upload file. why?,0,2026-02-05 08:36:13
com.codespaceapps.meetingtranscriber,Smart Noter - AI Note Taker,7181f238-7924-4c23-aabf-dbe287bec3af,Ayodele Olawale Adenola,5,it is a great App,0,2026-02-05 06:44:06
com.codespaceapps.meetingtranscriber,Smart Noter - AI Note Taker,d08f3039-aba4-4cf3-983b-dddf4f854512,Alys Aki Tine,5,Made my job a lot more easier as a minute taker.,1,2026-02-05 01:22:34
com.codespaceapps.meetingtranscriber,Smart Noter - AI Note Taker,81bc541f-b724-4576-8c71-8b77bc076787,efa etim,5,good for now,0,2026-02-04 12:56:02
com.codespaceapps.meetingtranscriber,Smart Noter - AI Note Taker,9f92acc2-790f-4b64-aecd-f4cfcb275ede,Ludae Keleimae,5,excellent,0,2026-02-04 02:06:44
com.codespaceapps.meetingtranscriber,Smart Noter - AI Note Taker,8d33c2c0-e5e8-434b-8369-21241cb66582,royal rex,5,satisfying,0,2026-02-02 14:42:21
com.codespaceapps.meetingtranscriber,Smart Noter - AI Note Taker,57d2b135-c178-41f3-9e8e-f3c60a99084f,Angel Lee,5,its a good thing.,0,2026-02-01 22:52:35
com.codespaceapps.meetingtranscriber,Smart Noter - AI Note Taker,520478ae-9098-4f41-9717-084fbc3162ee,Somsak,4,จ่ายทุกปี,0,2026-01-31 00:29:36
com.codespaceapps.meetingtranscriber,Smart Noter - AI Note Taker,d68414a3-b875-4387-b105-f6f8798c718a,Cherxiong YANGCHEE,5,Good,0,2026-01-30 14:54:41
com.codespaceapps.meetingtranscriber,Smart Noter - AI Note Taker,626de93f-a567-4d6a-b1ef-4f1c21faf5a9,habeebullah oniye,5,smooth and seamless,0,2026-01-30 13:50:31
com.codespaceapps.meetingtranscriber,Smart Noter - AI Note Taker,d3ee7301-2048-4d80-838b-83c96899aec4,Sualiha,4,I love it,0,2026-01-30 12:02:31
com.codespaceapps.meetingtranscriber,Smart Noter - AI Note Taker,4ca5d116-6bd5-444f-99c7-3abb9d515d0d,Goodnews Ugbanu,5,cool,0,2026-01-29 17:54:24
com.codespaceapps.meetingtranscriber,Smart Noter - AI Note Taker,ec3479ca-23f9-4fba-b0d4-6288cf0c26d2,cheq farz,5,very good,0,2026-01-29 11:58:46
com.codespaceapps.meetingtranscriber,Smart Noter - AI Note Taker,fa6c86b1-03d8-47c5-ba69-91e34d2617f5,Ana Mae Acido,5,Very good,0,2026-01-29 00:47:14
com.codespaceapps.meetingtranscriber,Smart Noter - AI Note Taker,3dfaf855-606a-4d40-97c6-4a5c12be5d48,Adrian,3,"translation is good. Summary is ok, but reasoning when questions are made is only for the summary. Ask AI does not go into transcript only summary making the app limited",11,2026-01-28 16:27:38
com.codespaceapps.meetingtranscriber,Smart Noter - AI Note Taker,7ba5b749-03ef-45bc-a241-b9eed15f19c3,Constantine Tote,5,"Great app, thank you",0,2026-01-27 03:15:40
com.codespaceapps.meetingtranscriber,Smart Noter - AI Note Taker,0a3b590e-a1ee-449e-80ef-ea96ebb8e421,malvin mthembo,5,awesome 👍,0,2026-01-26 20:45:21
com.codespaceapps.meetingtranscriber,Smart Noter - AI Note Taker,ee28ec25-7330-4e2b-ab39-58b3b1b64e54,Didio Namburete,5,super app...nice experience with it,0,2026-01-26 14:27:56
com.codespaceapps.meetingtranscriber,Smart Noter - AI Note Taker,65e0a27c-5c9b-405d-ae2b-e3419ff86471,Precious Chidimma,5,cool,0,2026-01-25 23:23:28
com.codespaceapps.meetingtranscriber,Smart Noter - AI Note Taker,a0aef561-6c08-4004-bc9f-6fbf3829efc4,Okeke Nnaedozie,5,very nice app,0,2026-01-24 12:27:01
com.codespaceapps.meetingtranscriber,Smart Noter - AI Note Taker,624cbf0d-1b57-4529-89e5-63cb76fc70e4,Yasir Assardar,5,🍒,0,2026-01-23 22:32:37
com.codespaceapps.meetingtranscriber,Smart Noter - AI Note Taker,b001d8d3-9d29-4ee9-bb08-aaf4e9f1df9e,Nur A,1,"the app charges money, and does not give an option to disconnect the card. spending a lot of time trying to figure out how to stop making payments to this app. very dishonest towards consumers",6,2026-01-23 17:12:16
com.codespaceapps.meetingtranscriber,Smart Noter - AI Note Taker,b886eeb2-db86-4be6-a512-6d1b09f817ec,hasmin hadjinor,5,it helps a lot,0,2026-01-22 05:52:28
com.codespaceapps.meetingtranscriber,Smart Noter - AI Note Taker,fae83251-a552-4012-8503-df7b506a1137,Agor Tei,5,Best efficient,0,2026-01-22 04:34:36
com.codespaceapps.meetingtranscriber,Smart Noter - AI Note Taker,9529fbde-7a01-4a43-bf7b-a9c78e99520f,John Mangui Meen,3,good,0,2026-01-21 12:15:27
com.codespaceapps.meetingtranscriber,Smart Noter - AI Note Taker,dd28d067-eb79-42ba-b6fc-5c2d53379260,Chibuike Uzoh,5,perfect,0,2026-01-21 09:25:44
com.codespaceapps.meetingtranscriber,Smart Noter - AI Note Taker,c02f4d77-39ff-47bb-9a3d-2430d03c3433,Imelda Bartolo,5,wow very nice,0,2026-01-21 02:47:11
com.codespaceapps.meetingtranscriber,Smart Noter - AI Note Taker,d770167a-47fd-4cfa-994a-ef2bc539baeb,Almira Ambrocio,3,its good,0,2026-01-20 08:33:49
com.codespaceapps.meetingtranscriber,Smart Noter - AI Note Taker,8596f45f-ac92-44e6-89ed-9cfda5311f6b,Dion Botha,1,Hell no for R200 a month. Just as good ones for free.,1,2026-01-20 05:36:59
com.codespaceapps.meetingtranscriber,Smart Noter - AI Note Taker,711bb707-5ce4-483d-b32e-dad841eab1a2,daniel soh,1,app charged per week automatically,0,2026-01-20 00:48:33
com.codespaceapps.meetingtranscriber,Smart Noter - AI Note Taker,1cad37da-8d26-4b17-8b09-8d825cc5b2df,Daniel,1,"your bug fix broke pro, I paid for pro but pro function errors out and says i should upgrade, then when i click upgrade it says error you're already pro, when i click restore it says error... so i paid and get locked out, its weird and broken",2,2026-01-20 00:29:22
com.codespaceapps.meetingtranscriber,Smart Noter - AI Note Taker,3b9f91c8-18e5-41d7-8bdb-1e5a70e89729,Darina Gavrailova,1,"I hate this app,if you don't want ot pay it's just very bad,when you make one note you can't make another one cuz it says pay for another note. What is this?!??!?",2,2026-01-18 15:52:30
com.codespaceapps.meetingtranscriber,Smart Noter - AI Note Taker,bd3300f9-dcb5-4de2-a9c9-4d333021092b,Shella Mhee Mariano,1,i recorded my meeting but not appear my notes in this app,1,2026-01-16 15:43:29
com.codespaceapps.meetingtranscriber,Smart Noter - AI Note Taker,2d6448d9-cb45-4efe-bfce-2fbc12efdaf8,Nelia Callejo,1,enjoying and inspiring to explore my new creative journey in professional mode check out my profile Sir thank you for your support let's go n grow together,0,2026-01-15 14:10:44
com.codespaceapps.meetingtranscriber,Smart Noter - AI Note Taker,f43996b1-9d72-4c24-aefe-9a0b86f98de4,Bodunde Kehinde .A.M,5,Good,0,2026-01-15 13:46:56
com.codespaceapps.meetingtranscriber,Smart Noter - AI Note Taker,0530b66a-5d4e-4bdd-9a6e-f3b7f068e71e,Steven Young,1,"horrible experience! I paid $40 for the year package, and the very first day I recorded a 45min very important lecture. The app takes around 45 minutes to a hour just to upload the audio file and to too it off, after the hour it just deleted my file for no reason at all. I highly do not recommend the app... do not purchase... dont waste your time or money!!!!",57,2026-01-14 22:44:12
com.codespaceapps.meetingtranscriber,Smart Noter - AI Note Taker,99344e22-b150-48b2-abe2-e5a46c7954f3,Abraham Dennis,1,good,0,2026-01-14 13:40:58
com.codespaceapps.meetingtranscriber,Smart Noter - AI Note Taker,9c2ff4e2-e8e5-4859-807a-81fbb98c2d52,Leslie Von Chong Sanchez,5,Awesome,0,2026-01-13 21:53:06
com.codespaceapps.meetingtranscriber,Smart Noter - AI Note Taker,08f309f5-716a-4a85-b993-5242b1fabe36,Tamara Chatar,1,stealing from me and the app is not working properly. I demand a refund,0,2026-01-13 18:26:28
com.codespaceapps.meetingtranscriber,Smart Noter - AI Note Taker,6152604a-24e5-4f0a-a956-3eef0fa69b7e,edward vengesai,5,amazing transcribed (translated) my videos perfectly worth the payment,2,2026-01-13 15:19:04
com.codespaceapps.meetingtranscriber,Smart Noter - AI Note Taker,e2f16a50-c59f-4789-ab36-ea50b1459838,Mark peter edward sangi,5,It is my first time using it but I'm by the product,0,2026-01-12 13:45:13
com.codespaceapps.meetingtranscriber,Smart Noter - AI Note Taker,47eb0311-0267-49cc-b749-fd896c30bfaf,patty welch,5,Nice 2 have a spot to collect ur thoughts,0,2026-01-12 02:58:27
com.codespaceapps.meetingtranscriber,Smart Noter - AI Note Taker,cf9bd35a-cca6-4e85-a890-c86c12d05f0c,Luka Dimka,5,good,0,2026-01-10 12:25:42
com.codespaceapps.meetingtranscriber,Smart Noter - AI Note Taker,fa9c6a6a-53d8-4b65-bf56-8577c426a503,Toks Aledare,4,The name answers to its billing... smart indeed for voice note transcribing to texts and from other format.,0,2026-01-10 09:37:24
com.codespaceapps.meetingtranscriber,Smart Noter - AI Note Taker,d8f0cc68-268e-4dfd-9ed6-1bcb18b0e585,Burhan Kent,5,"It's an awesome App, just don't force us to pay, please.",1,2026-01-09 18:06:06
com.codespaceapps.meetingtranscriber,Smart Noter - AI Note Taker,3ee958da-3a5d-4090-8f9a-107a3204e491,ayotunde Akisanya,5,What an amazing tools for note taking,2,2026-01-09 15:21:39
com.codespaceapps.meetingtranscriber,Smart Noter - AI Note Taker,71a268f0-2c33-4b0a-a356-549439b8e085,Lexi,5,works great,0,2026-01-09 00:59:22
com.codespaceapps.meetingtranscriber,Smart Noter - AI Note Taker,99c6c22b-35c9-43f1-bbb2-390dcaf45fd9,Blaq Jack,1,I can only make one note free??? TERRIBLE FOR SCHOOL,0,2026-01-08 21:14:34
com.codespaceapps.meetingtranscriber,Smart Noter - AI Note Taker,599a31d6-a611-4a11-b896-fb1f2a6eb4e2,David Tranter,5,Works great,0,2026-01-08 16:16:03
com.codespaceapps.meetingtranscriber,Smart Noter - AI Note Taker,8a819b97-6ad1-4014-bece-a0fb5a08544d,Ashley Stevenson,5,wow I'm blown away to be honest this is helping me so so much with my online tafe course if I could rate 10 stars I would I never rate apps or leave replys I have never in 10 years of owning a phone so that in it self goes to show the brilliance in this app nice work,44,2026-01-08 11:55:16
com.codespaceapps.meetingtranscriber,Smart Noter - AI Note Taker,8118ebc7-1a7a-4ce2-9de9-1ffe97ea4fb1,Chap Chap,5,work perfectly,0,2026-01-07 19:23:46
com.codespaceapps.meetingtranscriber,Smart Noter - AI Note Taker,f5ccb36a-ab7c-4f8a-954b-c1d4ecc4f21b,Daliya Sultana,5,👍,0,2026-01-06 13:32:36
com.codespaceapps.meetingtranscriber,Smart Noter - AI Note Taker,04aa1e2b-68f7-4021-aeb6-8cfb8ed64db2,Abba dundum Okwuosa,5,powerful indeed,0,2026-01-06 08:28:54
com.codespaceapps.meetingtranscriber,Smart Noter - AI Note Taker,652b3626-12bc-4078-b3eb-e13c16fd9e07,Luyando Simoonga,4,Very effective,0,2026-01-06 07:01:29
com.codespaceapps.meetingtranscriber,Smart Noter - AI Note Taker,016b3ed3-2d3a-492b-bbda-d5eb67bdd45b,Lojik Yamini,5,love it,0,2026-01-06 04:52:39
com.codespaceapps.meetingtranscriber,Smart Noter - AI Note Taker,78e29e96-c9dc-44a0-a081-3aa6d508895b,Nwokedi Nworisara,5,Almost perfect transcript.kudos,0,2026-01-04 22:06:45
com.codespaceapps.meetingtranscriber,Smart Noter - AI Note Taker,2b358691-f380-4a34-a19e-35a65097c160,Victor Atigro,5,awesome,0,2026-01-04 21:57:19
com.codespaceapps.meetingtranscriber,Smart Noter - AI Note Taker,00dc7f6c-2d98-4cfd-8cd9-d82c1fbbf456,sinethemba cinglez zenzile,5,exciting,0,2026-01-04 18:06:42
com.codespaceapps.meetingtranscriber,Smart Noter - AI Note Taker,483324da-be34-4ff0-ad70-1a081b8929a8,Shumaila Khan,5,it's great app for students to understand well and get accurate information,1,2026-01-02 17:31:08
io.labhouse.audioapp,Summary - AI Note Taker,13010755-5814-4e48-9172-4f062db973d9,Robert Manning,3,free feature works well but limited use before hitting a pay wall,0,2026-02-19 12:34:56
io.labhouse.audioapp,Summary - AI Note Taker,286cf81f-7505-4191-a805-7e33cc213c26,Subba Rao GVR,3,not transcribing correctly,0,2026-02-19 12:10:57
io.labhouse.audioapp,Summary - AI Note Taker,4aca678d-365a-4738-b936-c949e0933873,Akila,5,perfect app to relieve stress save time,0,2026-02-19 11:51:10
io.labhouse.audioapp,Summary - AI Note Taker,58a7e486-40dd-48bc-a370-af122a249919,mohamed abdikarim,5,very good,0,2026-02-19 10:38:52
io.labhouse.audioapp,Summary - AI Note Taker,b392b64c-6168-4d5b-9b33-d8b1bc071583,MHTT Official,5,Great apps,0,2026-02-19 09:24:25
io.labhouse.audioapp,Summary - AI Note Taker,a7e15a3c-70d4-484c-9f1e-12d274294ab6,Sandrine-Belise Girukwishaka,5,Good,0,2026-02-19 07:38:50
io.labhouse.audioapp,Summary - AI Note Taker,37dedaa5-44ec-4f11-a327-7fc2f117938f,Kailas Thombare,5,class one,0,2026-02-19 07:37:58
io.labhouse.audioapp,Summary - AI Note Taker,75088f4c-1a68-40f8-a42f-8332bcb45368,Kwenama Ngcobo,4,it's easy to use and makes studying fast and easy,0,2026-02-19 07:19:35
io.labhouse.audioapp,Summary - AI Note Taker,cd2cc9ab-1e86-44ab-b1d2-d1de1ce49e06,Gaigo Baia,5,best and easy to use,0,2026-02-19 06:11:23
io.labhouse.audioapp,Summary - AI Note Taker,83e54ae9-1c95-4d23-9825-85fd84cdeb9e,Mike Fuller,5,This app is unbelievable what all it can do! Worth every penny!,0,2026-02-19 04:24:27
io.labhouse.audioapp,Summary - AI Note Taker,8a6512f1-7773-473e-8548-98a1434d0d5b,Bryan Taylor (Bee Tee),5,Great App,0,2026-02-18 23:50:09
io.labhouse.audioapp,Summary - AI Note Taker,1849bfcb-532f-4187-bed4-9f1652def9db,Anthony Sabella,5,cool,0,2026-02-18 22:34:30
io.labhouse.audioapp,Summary - AI Note Taker,045b1c0d-c96c-4ca6-965a-3cbca64cb169,Bob Holcomb,5,this seems easy and pretty phenomenal,0,2026-02-18 19:26:02
io.labhouse.audioapp,Summary - AI Note Taker,c64a7220-633a-46e7-ab1a-98a31957ee11,SANEESH SS,4,good,0,2026-02-18 19:23:45
io.labhouse.audioapp,Summary - AI Note Taker,1f92ff2d-5d38-405a-82df-8c26cbbaabab,Khabonina Mabena,5,Good job,0,2026-02-18 18:35:16
io.labhouse.audioapp,Summary - AI Note Taker,0d3b21a2-ac93-4553-860b-2ff5d2a760e6,Priscilla Walker,5,Wonderful.,0,2026-02-18 17:08:40
io.labhouse.audioapp,Summary - AI Note Taker,71db945c-833c-4a96-a3c9-7294bb870b0b,Dimakatso Khumalo,3,it's efficient,0,2026-02-18 16:20:06
io.labhouse.audioapp,Summary - AI Note Taker,7eef7297-a051-4dc5-8899-c2eb4eb8895c,Daniel Charles A,5,👍🏿,0,2026-02-18 16:19:47
io.labhouse.audioapp,Summary - AI Note Taker,8a5868e0-5aac-46f4-a984-367b3fb25155,Fernando Mendonca,5,good,0,2026-02-18 14:43:51
io.labhouse.audioapp,Summary - AI Note Taker,21d1f8f1-064d-4d73-8429-ae8c50a69689,Abel Augustine,5,good,0,2026-02-18 13:07:41
io.labhouse.audioapp,Summary - AI Note Taker,07095c09-b5c9-4927-9160-f9b01f28df1c,Patricia Fagbola,5,a very good app. helped me to summarize everything about the voice notes,0,2026-02-18 11:47:44
io.labhouse.audioapp,Summary - AI Note Taker,0d4c0887-267c-4c89-b20d-afe96273b332,Hitesh Koli,5,good,0,2026-02-18 11:26:41
io.labhouse.audioapp,Summary - AI Note Taker,a97f6cd5-a206-4865-80fe-a3b60bf82f7d,Prayer Exodus Morris,5,"Good, good.",0,2026-02-18 11:19:55
io.labhouse.audioapp,Summary - AI Note Taker,3a7448ab-7177-4364-97c3-7b6654531ed0,LITO POTOY,5,good,0,2026-02-18 11:09:35
io.labhouse.audioapp,Summary - AI Note Taker,4d1b2571-208b-4aee-80b7-8821b7f708e9,Sodiq Omikunmi,5,great,0,2026-02-18 10:04:12
io.labhouse.audioapp,Summary - AI Note Taker,bcba477b-b0ef-46a6-90cf-3944bbd380b9,Happiness Ngidi,5,very good,0,2026-02-18 08:48:28
io.labhouse.audioapp,Summary - AI Note Taker,5db52ad4-d74e-4ffa-8de6-c49a5bd39994,suthet zun,5,good,0,2026-02-18 04:00:19
io.labhouse.audioapp,Summary - AI Note Taker,b8c21649-6ec3-4b1a-9ef4-2ae918765739,Monirul Hassan,5,okay,0,2026-02-18 02:04:45
io.labhouse.audioapp,Summary - AI Note Taker,21055623-b0f6-4e89-b72d-e7e873975a50,A Google user,5,think this App is the best ever,0,2026-02-18 01:44:13
io.labhouse.audioapp,Summary - AI Note Taker,24bec1a8-4042-46ec-9ebe-c28e2045757f,Ericka Hinton,4,"It was great, but can use some tweaking",0,2026-02-18 01:16:13
io.labhouse.audioapp,Summary - AI Note Taker,fa58b01d-745b-4728-95e1-ec9ce971388e,Hernan Orejuela,1,felt lost my money I try to subscribe a year they don't accept but charge 4 week $8.99 program is good but they don't give opportunity to keep a year . they want a week oay,0,2026-02-18 01:08:30
io.labhouse.audioapp,Summary - AI Note Taker,5ed2bb3c-11de-4d32-89fc-f403f521979c,Lionete Ward,5,Great 👍 👌 👍,0,2026-02-17 22:03:59
io.labhouse.audioapp,Summary - AI Note Taker,c62fc32c-8403-4312-aa27-2788f9dd86d3,Frida Appiah,5,Never thought I would find an app as amazing as this,0,2026-02-17 19:44:21
io.labhouse.audioapp,Summary - AI Note Taker,824a3f52-934f-47ef-af19-b2aa42f2d44a,Njang Mercy,5,very good,0,2026-02-17 18:46:55
io.labhouse.audioapp,Summary - AI Note Taker,0f1290a2-345a-40fc-9e78-dbdb771f15dd,Tonya Corey,1,This app sucks i try to record a YouTube video and it told me after it transcribing stuff that it had an empty recording,0,2026-02-17 18:38:36
io.labhouse.audioapp,Summary - AI Note Taker,869b0f11-1a35-4824-837a-c0d04e82fe76,Wuraola Ireoluwa,5,👍,0,2026-02-17 18:20:46
io.labhouse.audioapp,Summary - AI Note Taker,d793a982-1f35-441c-a243-955047e0abe1,Mohammed Melhem,5,I'm not sure,0,2026-02-17 14:19:33
io.labhouse.audioapp,Summary - AI Note Taker,bb3ccb80-ed7a-4ff2-9fb7-29e0f50026e9,reyman mandal,5,it's awesome to use it,0,2026-02-17 13:50:00
io.labhouse.audioapp,Summary - AI Note Taker,495291dd-aa1c-4555-87b3-b7a9707ce19b,April K. Brophy,5,"I'm in nursing school and this app has been a life saver! I did pay for the full version, but it's tax deductible for my school expenses and, really, it's such a good tool to make sure I can say, ""hmm..... I fell asleep in that lecture. What the heck did they say???"" And now I will know.",0,2026-02-17 12:36:50
io.labhouse.audioapp,Summary - AI Note Taker,827e405b-dbcf-4535-aa2f-77102dfa991f,Nthabiseng Letlhoo,5,Bravo,0,2026-02-17 12:26:13
io.labhouse.audioapp,Summary - AI Note Taker,f6697a32-9826-4433-8602-d0072923bee0,Favour ruth Anwakobe,5,So enjoyable,0,2026-02-17 12:16:06
io.labhouse.audioapp,Summary - AI Note Taker,8367d293-54a8-4a0a-a0d8-20dac376ebad,Vasudeva Basavegowda,5,good,0,2026-02-17 12:13:03
io.labhouse.audioapp,Summary - AI Note Taker,06b1f5c4-80a4-449c-bc07-232186622e29,Crystal Bish,5,I completely love this app!!!,0,2026-02-17 11:28:50
io.labhouse.audioapp,Summary - AI Note Taker,51bde697-5f23-4241-bc8b-39f1842d2143,NIRMAL Roy,1,good,0,2026-02-17 09:34:20
io.labhouse.audioapp,Summary - AI Note Taker,a0fed74c-aa8d-4ad5-8b7b-31fcfb421ba0,satya gavit,4,good,0,2026-02-17 06:55:49
io.labhouse.audioapp,Summary - AI Note Taker,fa6ec488-fbaf-418f-bbd9-c75bd2ac8aa1,Bhaskar V,5,Giffy...snappy...gets the job done...very high fidelity,0,2026-02-17 06:06:58
io.labhouse.audioapp,Summary - AI Note Taker,0891c08c-1bdf-467d-aa92-a5aeac50ada3,Ronald R.Kioge,5,Good 👍,0,2026-02-17 02:16:29
io.labhouse.audioapp,Summary - AI Note Taker,493db7f8-0ebf-4294-9044-4e254c2fde5a,Amos Muthomi,3,good,0,2026-02-16 20:43:18
io.labhouse.audioapp,Summary - AI Note Taker,1ebdbc57-68a0-4d80-bcb8-98bfdb5ee275,Mer-Bonifacio Baldago,5,Very helpful.,0,2026-02-16 18:46:15
io.labhouse.audioapp,Summary - AI Note Taker,853e528c-6ffb-46fe-b7f6-b1fda529ad1a,George Enyiegor,5,good,0,2026-02-16 18:22:18
io.labhouse.audioapp,Summary - AI Note Taker,a5e8d6dc-c807-4347-b2a2-abdeab53845b,raynard gainey,1,could not understand how to use it so I would like to cancel my subscription,0,2026-02-16 17:49:51
io.labhouse.audioapp,Summary - AI Note Taker,de6311cc-0ce2-42c2-878e-9c7019380124,Marnu Basson,4,"I take back everything I said about this app, it does not support other languages other than english, except if you put the phone directly where the teacher is sitting, and you can't record more than 2 classes if you don't have premium. If you have an English class then it will record better, but it doesn't work for other languages, like Afrikaans. 🇿🇦",0,2026-02-16 17:25:53
io.labhouse.audioapp,Summary - AI Note Taker,d07e2af9-0d14-4b8e-a5c0-4fec3586f060,Shawn Chesney,1,"did not work, too difficult to get assistance",0,2026-02-16 17:10:04
io.labhouse.audioapp,Summary - AI Note Taker,e40cbb55-e2e6-40d1-9292-6031f115da3d,Mike “JUNIOR CHOKERA” Tyson,5,Wonderful app,0,2026-02-16 16:56:48
io.labhouse.audioapp,Summary - AI Note Taker,2469276c-36c2-401e-adcf-b060cc08f014,Asare Addo,4,it's good,0,2026-02-16 16:14:36
io.labhouse.audioapp,Summary - AI Note Taker,dcd840b3-6eae-4275-88e0-b998cd42284e,kofi oppong,5,good,0,2026-02-16 16:06:24
io.labhouse.audioapp,Summary - AI Note Taker,f828bcdf-66e5-4e66-9a98-502690137ed7,Nikel Maepa,5,good,0,2026-02-16 13:19:46
io.labhouse.audioapp,Summary - AI Note Taker,25a72b7c-cd57-4ed7-84f2-dbdbfdac8732,suhaila ismail,5,I'm happy,0,2026-02-16 12:46:19
io.labhouse.audioapp,Summary - AI Note Taker,c0eaa6b3-8e3a-461b-b09b-aad8a24403db,Jeptoo Ruto,1,It is best,0,2026-02-16 11:57:03
io.labhouse.audioapp,Summary - AI Note Taker,47e532f1-9ba2-4264-aa8c-003c94f733fd,Sanele Khuzwayo,5,good,0,2026-02-16 11:35:52
io.labhouse.audioapp,Summary - AI Note Taker,8c6eaf7f-fd92-448b-ad52-74e6b54e5144,Rara Dumo,5,very helpful,0,2026-02-16 06:48:59
io.labhouse.audioapp,Summary - AI Note Taker,09098e43-ffe6-4d09-83fe-df6c2cd36f46,DRISSA MILLOGO,5,wonderful,0,2026-02-16 00:09:59
io.labhouse.audioapp,Summary - AI Note Taker,6e5e4632-7f32-45fe-85d1-8bf55d9c1f0d,Joko Peter Kossay,3,"just install, not trying it",0,2026-02-15 22:50:50
io.labhouse.audioapp,Summary - AI Note Taker,bc369575-aa6c-43a5-a9d4-ae509cec457a,Ifunanya Blessing,1,good,0,2026-02-15 19:28:28
io.labhouse.audioapp,Summary - AI Note Taker,360d9b6b-0d0c-4599-a4bb-f6151a2252a4,Demitri December,5,I'm a student of bvtb and I say this app works like a charm and I give it straight 5 stars thank you so much🔥🔥🔥👍👍👍☺️,0,2026-02-15 16:18:00
io.labhouse.audioapp,Summary - AI Note Taker,a695d73e-1ffc-4d3a-b671-330d86253b46,Attributary Dube,5,excellent,0,2026-02-15 15:34:40
io.labhouse.audioapp,Summary - AI Note Taker,07bc846c-01ed-4385-a025-48b6bea8f854,Victoria Davis,5,awesome app,0,2026-02-15 13:40:40
io.labhouse.audioapp,Summary - AI Note Taker,5cc70aed-a5c5-4b41-8fec-92945053ce80,chi god,5,Greatly ease my stressful moments,0,2026-02-15 13:06:24
io.labhouse.audioapp,Summary - AI Note Taker,b36f2427-1d0b-42aa-b1d8-efa012cf6e88,kpumpy kunle,4,cool,0,2026-02-15 12:51:59
io.labhouse.audioapp,Summary - AI Note Taker,a77518c2-d231-4fb0-9c95-e819f2946d1f,Vikram K,1,useless app. loaded a recording and after 40 mins of processing it couldn't create a transcript,0,2026-02-15 12:49:57
io.labhouse.audioapp,Summary - AI Note Taker,1faa8cdd-ddc9-45d6-961a-343774931f26,amir fairuz musa,3,Very good,0,2026-02-15 12:45:47
io.labhouse.audioapp,Summary - AI Note Taker,ab379099-eccb-4efe-ab7e-b5c1d5a6d427,Sophia Salam,5,this is one of the best AI ever ❤️,0,2026-02-15 11:59:15
io.labhouse.audioapp,Summary - AI Note Taker,876242e8-cdd0-4a8c-bc1b-304b575204f7,Shambhu Rana,3,good 👍,0,2026-02-15 09:17:03
io.labhouse.audioapp,Summary - AI Note Taker,dd565600-b7f6-4fa5-89e7-b100c78e4536,Marion,4,there are a few filters missing on my southern dialect. I found about 100 errors that your code could be eliminated. ai: you need any help I'll be available for you. if you need anything I have 45 years experience I'll let you figure it out. as a joke put this on a cloud. Your tool could use a tune-up. I have good insights.,0,2026-02-15 08:17:51
io.labhouse.audioapp,Summary - AI Note Taker,17e28c75-372f-477e-a06a-103b4444c0c9,Mrs Asad,5,VGood,0,2026-02-15 07:53:16
io.labhouse.audioapp,Summary - AI Note Taker,888e8d4c-6088-4ebf-9973-229dd4f1ec3d,Jale Kiran,3,good,0,2026-02-15 05:35:07
io.labhouse.audioapp,Summary - AI Note Taker,420bb6f0-7dce-450b-be76-d1121dfd5bb5,emmanuel data,4,excellent for my presentations,0,2026-02-15 05:30:33
io.labhouse.audioapp,Summary - AI Note Taker,c6d87518-9726-4caf-8a79-36b417e5424e,Eĺias John Tinol,1,enjoy,0,2026-02-15 05:25:41
io.labhouse.audioapp,Summary - AI Note Taker,34b7578e-bb2f-45f3-82b3-8a862062ffe1,Shurelda Plaatjies,5,its very good,0,2026-02-15 04:54:47
io.labhouse.audioapp,Summary - AI Note Taker,9c170e9f-3f26-436d-9f0c-08de7041efe2,Sqiniseko Sandile,5,Good,0,2026-02-15 04:36:40
io.labhouse.audioapp,Summary - AI Note Taker,3085ec5e-0c4e-4a39-92bd-08c458688ead,The Chize,5,nice,0,2026-02-15 03:18:39
io.labhouse.audioapp,Summary - AI Note Taker,7ce96825-f929-4dd2-b432-6a6c9e0e1ec5,David Odiofficial,5,Awesome yool,0,2026-02-15 02:39:10
io.labhouse.audioapp,Summary - AI Note Taker,f1b8146d-bcfa-4892-bf08-06409b20488f,Taylor-Raquel Adams,1,I do not like the fact that the app does not translate what is being spoken into text and translate it at the same time it will be really nice if we could do that after all is in the AI,0,2026-02-15 00:08:22
io.labhouse.audioapp,Summary - AI Note Taker,2fe11df7-c77e-4e9b-b112-27392dc2223f,Timothy K Hamilton,1,"Don't subscribe for a year. I paid for a yearly subscription but used it less than a week. They only stop charges from renewing, but there's no refund for the unused months or days. It seems like a capable program, but it's way more than I needed. So I'm out $78.00 for a week's worth of use. Bad business practices for a bonfire company.",0,2026-02-14 23:01:26
io.labhouse.audioapp,Summary - AI Note Taker,d39b5e06-05db-4617-9a57-1f5a0666dd7c,John Pena,5,Great app,0,2026-02-14 16:00:49
io.labhouse.audioapp,Summary - AI Note Taker,60f32663-c00f-486c-9147-0da8382137ad,Deacon Ewan Lovelace,5,Great 👍,0,2026-02-14 14:48:36
io.labhouse.audioapp,Summary - AI Note Taker,f375b7d7-f3a0-4030-ab62-94e6e77cd4ad,Lawrence Tembe,5,cool 😎,0,2026-02-14 14:14:51
io.labhouse.audioapp,Summary - AI Note Taker,c05e8310-adfc-4cdf-bf15-2d3032d3dcda,Willy Emmanuel,4,"with the little test I do, the app is good but I just start using it",0,2026-02-14 13:46:49
io.labhouse.audioapp,Summary - AI Note Taker,ac339e93-5aee-41c7-b548-e7d1861ba20c,Andrew Frommolt,4,Great app works very well,0,2026-02-14 10:48:10
io.labhouse.audioapp,Summary - AI Note Taker,84276545-0dda-4f60-a732-6ea94512ced3,Malo Lafo,1,i had no idea what this app look likr,0,2026-02-14 09:16:31
io.labhouse.audioapp,Summary - AI Note Taker,3e452ed2-a91b-4070-a678-938cd14b1f4c,Johnny Keenan,1,worst transcribe app yet,0,2026-02-14 08:43:14
io.labhouse.audioapp,Summary - AI Note Taker,71110e40-c8be-49b8-8912-98d44d422178,Arjun Tayde22,5,👍,0,2026-02-14 08:42:02
io.labhouse.audioapp,Summary - AI Note Taker,cdce1735-70a1-4d18-ad4a-5487cddfbb0c,Jimmy Robertson,3,How long should it take to process a 220 minute meeting? I've been waiting around 45 minutes. Perhaps the recording was not good? I'm wondering if it will ever 🤔,0,2026-02-14 08:12:47
io.labhouse.audioapp,Summary - AI Note Taker,a9b8c06e-6fe3-489b-a849-5c47a6289888,SuryaMahendra Tadisetti,1,waste of time...,0,2026-02-14 06:35:30
io.labhouse.audioapp,Summary - AI Note Taker,2b45e46d-8e2d-4499-af32-7f4399a71abf,Alwi Maulana,5,ok,0,2026-02-14 05:10:43
io.labhouse.audioapp,Summary - AI Note Taker,641df34c-3528-4eff-90ca-d106d6e7f7ba,Ruth Lusanji,5,good 👍,0,2026-02-14 02:50:15
io.labhouse.audioapp,Summary - AI Note Taker,45b7f6df-e07c-43d0-a3bb-9d1f28a4b106,chloe maher,5,just downloaded looks brill so far will update asap,0,2026-02-14 01:39:02
io.labhouse.audioapp,Summary - AI Note Taker,d6b80957-6f32-4320-b11e-8a1897020eeb,Nathanael Tatenda,4,good app,0,2026-02-13 22:57:41
io.labhouse.audioapp,Summary - AI Note Taker,663b9c9b-91ab-479c-8b8b-5f9761774df1,Tracy Penland,5,"If you speak with someone on the record, you need this app.",0,2026-02-13 21:20:34
io.labhouse.audioapp,Summary - AI Note Taker,776f4097-22a0-4c36-b1f2-60b70f7e71a6,AMOS ANDRE,5,Great,0,2026-02-13 19:57:09
com.thesaifhusain.ainote,AI Notes,ad693ed1-f9b5-46a0-bbd2-219bb0efd923,Jigg “J2030AI” SeasonAI,5,Great app,0,2025-07-25 13:06:10
com.thesaifhusain.ainote,AI Notes,329be61d-bddb-4e99-aee2-9ac6751105d4,Shubham Yadav,5,"Brother the app is good but if you added some more features and improved the design it would have been even better, still it is very good",0,2025-06-28 20:59:16
com.thesaifhusain.ainote,AI Notes,87b760ea-a4b2-4587-91e0-f0750c46d249,T.,1,AI doesn't respond,0,2025-05-12 15:08:16
com.thesaifhusain.ainote,AI Notes,dd87a792-991d-4a69-aba4-52a1bd6fc524,Jason Bohand,4,I like the auto read all or quick copy feature awesome to quickly hear and copy with out having to press this that or to highlight. I use this to read my text thank you.,0,2025-05-03 23:45:40
com.thesaifhusain.ainote,AI Notes,07e9973e-0458-46d7-8286-3666c4aabaaf,Siyona Makasare,5,it's help you to do your studies and provide note,0,2025-03-27 14:17:17
com.thesaifhusain.ainote,AI Notes,bca2ca30-3a11-4b07-91c0-b278ba23f29f,Connaity Chauke,1,Just a stupid thing and does not summarize notes offline,3,2025-03-25 06:56:46
com.thesaifhusain.ainote,AI Notes,026588c9-1561-47e4-ad54-ee780a867f32,Freedom,1,not working,0,2025-03-01 06:44:19
com.thesaifhusain.ainote,AI Notes,321bc1f9-cf5a-4957-a2ed-2e9f17c4f207,David Bowles,5,Very useful,0,2024-09-21 00:01:02
com.thesaifhusain.ainote,AI Notes,c20823f8-8373-408c-96c9-d383cc4cd221,Ganesh Karhale,3,It is not very useful. It doesn't have any special features that will help take better notes.,0,2024-08-17 14:33:07
com.thesaifhusain.ainote,AI Notes,18add7d8-cc13-4dee-96aa-fe06520bd8d2,Jai Shankar,5,Good,2,2024-06-24 01:45:50
com.thesaifhusain.ainote,AI Notes,273783d0-0a7f-4dce-a699-600204613740,Md Zia,5,That the best app for making notes. Thank you for developing Such a good app,5,2024-05-21 06:45:51
com.thesaifhusain.ainote,AI Notes,7881f980-d8f7-4100-9a7f-e2aa37c8a707,MOHAMMAD SAQUIB ABBAS,5,Good app,1,2024-03-31 16:56:01
com.thesaifhusain.ainote,AI Notes,9aea5d1e-5e5c-4c2f-97a7-cc0fba10daee,Abdelrahman Shihab,5,Helpful app,0,2024-03-20 20:57:49
com.thesaifhusain.ainote,AI Notes,6b60e100-550c-44c5-a470-0373ce97b86e,Hedonist,5,"Beautiful little app, I hope you can create one for ToDo tasks too ❤️",3,2024-03-12 15:58:39
com.thesaifhusain.ainote,AI Notes,0c2055c5-a5ce-49d9-8eef-762c90287069,Mohd Wasi,5,Very usefull,0,2024-03-06 11:58:44
ai.notes.notebook,HyNote: AI Notebook LLM Notes,d474db69-e473-416a-adf2-dbb4dd3b5d14,Kurt Dittmer,2,"I had to delete the app and restart my phone, and although it says your notes will be saved, all of mine were lost! This really sucks. And nobody to contact about it either! 2/13/26 update: well, my prior notes materialized 2 days later somehow, so thats good. BUT, it still stops transcribing after a few seconds to a few minutes. It records, but that is it. I wish there was somebody to contact to help with this.",0,2026-02-13 22:27:33
ai.notes.notebook,HyNote: AI Notebook LLM Notes,288a2881-43a8-4e98-948b-fd1886e082dd,lidiya andargachew abaet,5,Good,0,2026-02-11 20:30:01
ai.notes.notebook,HyNote: AI Notebook LLM Notes,ab756fca-a446-4fba-b26e-34738c984420,Brittany Ririe,1,SO DISAPPOINTED ☹️ They refused to give a refund and charged 79.99$ for their subscription that didn't even work on my phone. I even tried asking Google for a refund after the developer denied it and was still told no. Nobody cared that paying $80 for something I can't even use hurts financially. It offered a free trial and I could never get it to work and never used the subscription. I uninstalled the app immediately after I was charged and sent my refund request. That didn't matter.,2,2026-02-08 11:43:36
ai.notes.notebook,HyNote: AI Notebook LLM Notes,1f5c3384-91b0-47f1-9c82-ac80b20d0e13,Hamidreza Shad,1,not working in iran not good,0,2026-02-07 07:37:13
ai.notes.notebook,HyNote: AI Notebook LLM Notes,5ea7821a-ce8f-4829-a279-835625ab382e,Khidir Oladipo,5,this is app is an absolute masterpiece,0,2026-02-02 02:43:52
ai.notes.notebook,HyNote: AI Notebook LLM Notes,25f51842-0a1e-4a13-bd04-9b09c7061de6,Chase Ettner,5,nice right from the start,0,2026-01-31 21:37:23
ai.notes.notebook,HyNote: AI Notebook LLM Notes,00fd53ce-df73-4e77-8e31-fc833d1fc250,Rohit Khareta,4,"please provide some easy features to use freely because the monthly premium is very expensive. BTW, app is very nice and features are very cool.",10,2026-01-19 02:14:03
ai.notes.notebook,HyNote: AI Notebook LLM Notes,5cfce0ac-a553-476a-b6ea-f29e1a5b245a,Blessing Anyanwu,5,excellent,0,2026-01-15 19:51:43
ai.notes.notebook,HyNote: AI Notebook LLM Notes,4b5277b8-56d9-482a-be28-6cc85abdff2e,SAVIOR 2,4,"better than NOTEBOOKLM, NOTEBOOKLM is slow and takes minutes to generate answer, I mean nothing to say , or they will remove my comment.",2,2026-01-14 20:18:36
ai.notes.notebook,HyNote: AI Notebook LLM Notes,64dfe8f2-af31-4c6a-88b3-861dcbff59d8,Akib. Ahmed,4,good app OTP,0,2026-01-12 03:13:05
ai.notes.notebook,HyNote: AI Notebook LLM Notes,29bb0751-fa11-47a3-bcba-465121d7ae81,Jerry Cornelius,1,"All functions are behind a paywall, requiring a yearly subscription to access. Bad Design.",2,2026-01-02 06:35:55
ai.notes.notebook,HyNote: AI Notebook LLM Notes,5e349803-dd17-4226-8e4d-862a0f136ba8,Anshika Vishwakarma,5,Have all options needed for study like quizzes to flashcards to Deep explaination,3,2025-12-28 15:56:59
ai.notes.notebook,HyNote: AI Notebook LLM Notes,71608f17-f333-4bc2-9806-f84f78e195e7,Jabriel King,4,Trying it out,0,2025-12-18 09:44:14
ai.notes.notebook,HyNote: AI Notebook LLM Notes,ddc6a493-a759-4568-8789-1c17997d5d94,Kanak,5,This app really helped me in my preparation,0,2025-12-11 11:26:55
ai.notes.notebook,HyNote: AI Notebook LLM Notes,fd301a3c-21b6-47a6-8528-9bde1adc9339,Stephen Archibald,5,wo ok,0,2025-11-24 05:56:59
ai.notes.notebook,HyNote: AI Notebook LLM Notes,98fdb037-90a7-48a7-a7b3-512e8fcfa48a,Brett Howell,5,love that app to bad its not free,1,2025-11-17 05:22:28
ai.notes.notebook,HyNote: AI Notebook LLM Notes,dcca7b16-ae2d-45ab-ad06-d5725ad83819,fatima Shahid riaz,1,very good,0,2025-11-16 13:09:51
ai.notes.notebook,HyNote: AI Notebook LLM Notes,63e5e395-9001-45a1-a4f4-1ded5e1e2ab8,Ghaku Bana,3,the app is good,0,2025-11-11 22:21:14
ai.notes.notebook,HyNote: AI Notebook LLM Notes,452d6834-21d7-4b47-9da2-abe303368f72,Connie Cano,5,"I can’t say enough good things about this app! I first used it on my iPhone 16, then switched to a Galaxy Z Fold. Every other paid app made me rebuy and lost my data—but not Hynote. Their amazing customer service helped transfer all my credits, data, and purchases seamlessly so I could keep going without missing a beat. Truly above and beyond!",12,2025-11-11 04:15:58
ai.notes.notebook,HyNote: AI Notebook LLM Notes,3362dfa1-76fd-4201-bb11-bc8ce7219465,Kanisha Bey,4,Pretty good App. Has a few glitches but works great 90% of the time.,4,2025-11-10 19:52:47
ai.notes.notebook,HyNote: AI Notebook LLM Notes,c9e988fd-d72c-40b5-bcee-9cb2aed63cba,Carranza Washington,5,WOW,0,2025-11-06 22:25:46
ai.notes.notebook,HyNote: AI Notebook LLM Notes,7946bf2d-bf7d-4e52-b3f1-b7ac8c3a6431,Sonia Ali Sonia Ali,5,good,0,2025-11-02 13:50:13
ai.notes.notebook,HyNote: AI Notebook LLM Notes,ad40ca65-8bc4-4ee0-bc8a-78cd423906d9,OM Yadav9332,5,Very nice performance 👍👍,0,2025-11-02 13:05:05
ai.notes.notebook,HyNote: AI Notebook LLM Notes,174c094b-4751-4c32-adba-254ece78eb4a,romi cock4242,4,Good for every student,0,2025-11-02 07:09:24
ai.notes.notebook,HyNote: AI Notebook LLM Notes,1e9d9c1c-299a-41e3-b73d-d39421753289,Earl Roberson,5,Home & Work & Play & Task Also School,0,2025-10-20 15:02:14
ai.notes.notebook,HyNote: AI Notebook LLM Notes,9f7fc2aa-288a-4dbe-a82e-e59adf2a2424,Zork Drajar,1,I wish the developer could give me one satisfying reason why I need to sign up and sign in for an app that ends up needing a paid subscription in order to give it a try. I will be ignored but not forgotten because with that I just exposed everything you need to know in one review.,15,2025-10-20 05:15:01
ai.notes.notebook,HyNote: AI Notebook LLM Notes,3c0429aa-dcae-4f34-b15d-c747e3309206,Keya Akter Q,5,good 😊,0,2025-10-15 09:42:00
ai.notes.notebook,HyNote: AI Notebook LLM Notes,601ae4e0-0659-4bf7-a941-65e7a17f37e3,Mat Holtham,4,cool note book all the right features and probably more. would recommend.,0,2025-10-12 03:08:04
ai.notes.notebook,HyNote: AI Notebook LLM Notes,ce5e210b-b456-4aac-8e56-e2da220e67f6,Genelle Soriano,3,"I purchased a subscription on my iPhone with my apple id thinking I could use the same account on my android phone, too. Come to find out, the android version only lets you login with a Google account. Wish I knew that before I purchased with my apple ID.",1,2025-10-06 06:54:12
ai.notes.notebook,HyNote: AI Notebook LLM Notes,91a6aeeb-11d9-4ebc-a5c5-4a13d5c9336d,Zaccharin Thibodeau,5,🎵🎶💌💴💵💶💷📇📒📜📝🗒️🎹📑📓📔,0,2025-10-05 22:39:35
ai.notes.notebook,HyNote: AI Notebook LLM Notes,7b798012-3ec1-4b63-bc0f-d3cec3180f91,Kayla,5,awesome app,0,2025-10-05 21:36:38
ai.notes.notebook,HyNote: AI Notebook LLM Notes,71b30ca5-3f0a-4a57-9b41-6dd9dd76524d,Raymond “Smoove” Robertson,5,Love it! Great App.,0,2025-09-27 14:38:32
ai.notes.notebook,HyNote: AI Notebook LLM Notes,11568f98-98de-471d-b14c-6f3f102b83cd,Sidy Mohamed Diallo,3,"cool, mais version gratuite très limitée",1,2025-09-15 13:46:02
ai.notes.notebook,HyNote: AI Notebook LLM Notes,0556d16a-b5a6-4839-ae62-a9ce3e198961,Ademoriyo Damilare zacchius,5,A good app you must have,1,2025-09-03 23:07:31
ai.notes.notebook,HyNote: AI Notebook LLM Notes,d59f0248-de44-44f6-bf86-4d7a2f796f6c,Hernan Juni. Hernandez Mendoza,5,Brilliant for my lyrics. Thank you.,1,2025-08-30 10:50:49
ai.notes.notebook,HyNote: AI Notebook LLM Notes,eb354649-4651-4bba-a35f-5a1d1076eb46,Malik Subhan Raan,5,that's what every Students need,0,2025-08-28 11:00:38
ai.notes.notebook,HyNote: AI Notebook LLM Notes,4c6aaba7-38df-4c9e-9012-d75213dfaff0,Omari Dennis,1,WHY IS IT SO EXPENSIVE,2,2025-08-27 20:40:52
ai.notes.notebook,HyNote: AI Notebook LLM Notes,024b38b0-5742-4150-ab91-3f776b9a7494,Chris Barr,3,neh,1,2025-08-27 14:28:38
ai.notes.notebook,HyNote: AI Notebook LLM Notes,fa5c9e2d-4cd7-492c-9d20-2132cd1909a0,Nick Howell,1,doesn't work,0,2025-08-22 23:54:59
ai.notes.notebook,HyNote: AI Notebook LLM Notes,324fa06f-17b0-4c01-9ffe-9043f21125ed,Mason Maines,5,greatapp,0,2025-08-18 06:06:19
ai.notes.notebook,HyNote: AI Notebook LLM Notes,1a57609d-ea10-441b-be24-7f95283e6539,AZEEM BALOCH,5,super,0,2025-08-14 19:21:01
ai.notes.notebook,HyNote: AI Notebook LLM Notes,630754ee-1b93-4ba2-b08f-af727fec3a0c,Natasha Volkova,1,no free trials or options unable to see what you are working with nothing free to use at all,1,2025-08-11 19:49:39
ai.notes.notebook,HyNote: AI Notebook LLM Notes,b3c1f1b4-1934-4c62-8817-8537bc10077c,Umme Hafsa,5,wow,0,2025-08-10 10:53:40
ai.notes.notebook,HyNote: AI Notebook LLM Notes,8506399b-08e0-45f7-9d6c-9c6bbd9f13de,Jon Schlottig,5,gangster. only used it a little bit but seamless voice notes and transcripts are clutch,4,2025-08-10 08:42:22
ai.notes.notebook,HyNote: AI Notebook LLM Notes,54d7ac67-3394-4c3c-9e2e-76733b88b9db,Satsol Go,5,I think it's growth and development made it better than the other one 😁,0,2025-08-04 10:37:03
ai.notes.notebook,HyNote: AI Notebook LLM Notes,360c8a5a-c712-43f5-99bc-2488a88ae8d5,Mohammed sebow,2,so far good,0,2025-08-03 01:53:07
ai.notes.notebook,HyNote: AI Notebook LLM Notes,59448175-9436-4d23-bb31-70877cc6ad2d,Sheila West,5,I like it,0,2025-08-01 18:25:33
ai.notes.notebook,HyNote: AI Notebook LLM Notes,7393a70a-d0f3-4358-8758-c8f9c8d08eb8,Hedonist,1,"Turns out it's subscription plan based and on top of that, it only allows google account login. Do not install this cr-app, stay away from this monetized cr-app!",0,2025-08-01 00:40:03
ai.notes.notebook,HyNote: AI Notebook LLM Notes,45c16733-a489-4fb8-a79e-f8176a95016a,Dana Warmack,5,It's goid,0,2025-07-29 12:33:57
ai.notes.notebook,HyNote: AI Notebook LLM Notes,d1e0754e-f0f5-4a08-8077-35a5ef51edd4,Yah-Yah Johnney,5,I like the app,1,2025-07-28 15:33:38
ai.notes.notebook,HyNote: AI Notebook LLM Notes,7a856633-cd4b-4bcc-a0cd-a36d2092834c,Àdìl Mùßà,5,Very good ❤️,0,2025-07-28 15:17:42
ai.notes.notebook,HyNote: AI Notebook LLM Notes,46f09aa9-9eb2-4903-b085-6ad442b88fe9,Briana Dobbins,5,life saver 🙌,1,2025-07-17 15:55:06
ai.notes.notebook,HyNote: AI Notebook LLM Notes,87a0cacd-afb7-44d2-9e75-a1ecd49d36b2,James Buckley,5,"I promise to come back and update my review of this app, as I promised I would. I assume sometime over the past few days, all bugs were fixed and now the app is functioning properly. Thanks for the quick debugging. 👍",6,2025-07-16 22:09:58
ai.notes.notebook,HyNote: AI Notebook LLM Notes,89d61a15-c571-4319-8c3f-669d0112751b,Mark White,1,I didn't know what to expect and nothing worked but I didn't pay for it so maybe that's they're just teaching me a lesson,2,2025-07-14 01:07:58
ai.notes.notebook,HyNote: AI Notebook LLM Notes,1e1cbcd7-7caf-48f6-a17d-b24871d30bdb,Mark A. Maggard,1,"Three days FREE, then payment is required. Not enough time for me. I prefer a limited FREE version with features on a time limit. Why not allow FREE users access to standard notes features without AI? Then periodically allow an AI weekend/work-week to tempt FREE users to buy a discounted month subscription.",1,2025-07-12 13:42:49
ai.notes.notebook,HyNote: AI Notebook LLM Notes,2271d764-19c6-4e4b-a0f7-9bb8002654ef,Kim Nissen,5,"I'm on a free trial, so I haven't explored every aspect yet. However, I really like the idea of converting content into a well-formatted medium with hashtags. This way, I can input it into my marker program and then turn it into a PDF.",21,2025-07-10 03:02:20
ai.notes.notebook,HyNote: AI Notebook LLM Notes,0cdd295a-3290-4c02-95dc-e57fafd09ec9,Nicholas Weaver (Nick),5,lol ty google,1,2025-07-09 07:50:21
ai.notes.notebook,HyNote: AI Notebook LLM Notes,d217312f-8681-4c6b-9604-871225ed8819,Ahmad Lutfi,5,note composer on the go with easy sharing system from text audio recording. I like how it summaries it into study guides. easy to comprehend suits students form any field,1,2025-07-09 05:35:58
ai.notes.notebook,HyNote: AI Notebook LLM Notes,6c3f152f-95ad-4fd3-a0db-65a0dc852677,Pat “Ninjalo” Phoenix,4,meh wish it was not required to sub for such a cost,1,2025-07-08 18:04:40
ai.notes.notebook,HyNote: AI Notebook LLM Notes,4407e066-3d5b-42dc-9ab9-c7f25078bae4,Joshua Rice (J-Rice),2,"This app seems like it could be decent, you know? Like, it has potential. But honestly, the price is way too high. I mean, $20 a month? That's just ridiculous. Think about it, Gregq: for the same $20, Google gives you a massive 2 terabytes of storage, plus you get advanced Gemini, Video AI, Whisk, and an Image Creator. And let's not forget Google's Notebook LLM—that's probably what this app is trying to be, but it's just not measuring up. You get way more value with Google, it's not even close.",16,2025-07-04 09:11:21
ai.notes.notebook,HyNote: AI Notebook LLM Notes,f698097f-c64d-4d1b-82c5-57e4c340fee6,Elizabeth Lawrence,5,luv it!!!! ❤️ 😍 💖 ❣️,1,2025-06-28 07:08:38
ai.notes.notebook,HyNote: AI Notebook LLM Notes,2e47b26c-5e0e-425e-a4ae-7dd613b3fadd,Columbia Beast,5,good,1,2025-06-25 23:32:09
ai.notes.notebook,HyNote: AI Notebook LLM Notes,bc1a015b-c034-47da-9c5a-f7c4f9410e46,Xie C,5,"je dois analyser rapidement des vidéos, articles et interviews. Cette app me permet de tout centraliser au même endroit et l’IA génère des résumés ultra clairs. Le fait de pouvoir discuter avec mes notes est un vrai plus. J’adore aussi la fonction qui transforme mes contenus en quiz ou flashcards. Très complet et fluide !",1,2025-06-24 20:48:38
ai.notes.notebook,HyNote: AI Notebook LLM Notes,133374a6-ad7a-418f-9ea7-96c91e4feb5e,Abdulrahman Lawal Abdulkarim,4,I'm in Love with this App❤️,1,2025-06-23 21:15:41
ai.notes.notebook,HyNote: AI Notebook LLM Notes,e9a48c21-dca5-4730-8820-c04ae151df7f,Seth Hupp,5,"This AI notebook is truly remarkable in its capabilities. Its design offers a seamless and intuitive user experience, making it a pleasure to use. The integration of advanced AI features enhances productivity and sparks creativity in various ways. This helpful tool is sure to become indispensable for many. The potential of this innovation is genuinely exciting.",5,2025-06-21 20:14:53
ai.notes.notebook,HyNote: AI Notebook LLM Notes,bf7061b6-7b86-4024-a15c-98e8f64f5920,"CARA BANKS,",5,"Awesome,",1,2025-06-11 18:45:50
ai.notes.notebook,HyNote: AI Notebook LLM Notes,80cffa7d-48b5-4068-a58a-76f93c879875,Luyanda Belinda Khumalo,5,ohhho I love it so much mostly cause I'm writing my geo exam tomorrow and I'm not ready but I feel ready already,1,2025-06-08 10:34:25
ai.notes.notebook,HyNote: AI Notebook LLM Notes,ee1f5e0d-d4b5-4f24-81ad-5273755464ff,Emmanuel Aman,3,use and thank me later,1,2025-06-07 00:54:38
ai.notes.notebook,HyNote: AI Notebook LLM Notes,a724614b-a8fa-4c5f-af59-767dc92021df,Emon Shariyar,5,nice,1,2025-06-02 06:57:13
ai.notes.notebook,HyNote: AI Notebook LLM Notes,6b54d804-0409-43b3-af3b-eddc3eb9d703,Rebecca Ayodele,5,Nice app👍👍,1,2025-05-31 18:24:04
ai.notes.notebook,HyNote: AI Notebook LLM Notes,b231da36-b13e-42e2-ba1d-e13f7406b2af,Malesesa Mphuthi,2,"This app is only effective for you if you can pay the subscription amount.I suggest that some features should be present for users who do not pay.The least amount of the features,the basic ones.",4,2025-05-28 05:40:07
ai.notes.notebook,HyNote: AI Notebook LLM Notes,6e23b254-a836-4dcb-9df3-10f150fb24d7,Francis Osei-Gyamfi,4,fantastic,1,2025-05-27 14:10:45
ai.notes.notebook,HyNote: AI Notebook LLM Notes,1b3a9103-e597-4560-b385-67ac6992b80b,Susie Johns,5,"This is a great app so far, although I only downloaded it a couple of hours ago. if it's as awesome as it seems so far I will be using it often",2,2025-05-25 05:42:43
ai.notes.notebook,HyNote: AI Notebook LLM Notes,1678fc80-fe11-42e6-9aa5-9d21c7246ef4,Londi Nkomo,1,all they want is moneyyy,2,2025-05-24 16:19:29
ai.notes.notebook,HyNote: AI Notebook LLM Notes,b8213e22-4bab-424e-98e7-731ecc52d299,Choco Baaby,5,I Love It ...💯💯it works very great😘😘,1,2025-05-23 20:24:30
ai.notes.notebook,HyNote: AI Notebook LLM Notes,9d44094c-9684-49d1-a8a5-a2110d7d6bb9,Albert ALEP,5,excellent,1,2025-05-22 14:29:05
ai.notes.notebook,HyNote: AI Notebook LLM Notes,230c5a81-5909-4fb5-87eb-85e2d7841849,eluwa princewill,3,"The App. is wonderful and easy to use with the help of AI and access to your external document which includes videos, audios, texts and etc, you're good to go in note keeping and writing of good content made easy.",2,2025-05-20 13:26:54
ai.notes.notebook,HyNote: AI Notebook LLM Notes,8be013e9-4949-479c-8d97-eb94e977ce3a,Radiant_x_,1,absolute garbage wasted two hours of study time before my final and it was a waste uploaded my pdf since it was over 800 and I got a small summary im done,2,2025-05-19 03:08:49
ai.notes.notebook,HyNote: AI Notebook LLM Notes,d1688af8-9a86-4036-902b-5a4a8dc53ec8,Sohel Mahamud,5,"update more dear , beautiful app ❤️",1,2025-05-19 01:21:53
ai.notes.notebook,HyNote: AI Notebook LLM Notes,3ad90b1c-d0c3-4bfa-af1f-fa3843b5f277,sadeen eid,1,نريد إضافة اللغة العربية,1,2025-05-18 14:21:48
ai.notes.notebook,HyNote: AI Notebook LLM Notes,f7c835fb-6f00-46fe-abc4-4aa951409fe3,Bobby James,1,"not a good design for managing notes and especially pkm, para, or building a second brain. UI ugly. don't waste your 49¢ for the trial.",3,2025-05-18 14:02:47
ai.notes.notebook,HyNote: AI Notebook LLM Notes,82cfc19e-9f3e-49e5-8548-83136ecf41db,Barigye Spencer,1,not sure,1,2025-05-18 00:00:01
ai.notes.notebook,HyNote: AI Notebook LLM Notes,e083de3f-6c22-4983-a1a3-deafdc684d16,Saidu Mansaray,5,good,1,2025-05-17 19:09:47
ai.notes.notebook,HyNote: AI Notebook LLM Notes,06e89b55-e67e-473c-885b-f1d9e4862e7c,APRILMADE SOUNDWORDS,5,what an app. wow,1,2025-05-16 18:08:48
ai.notes.notebook,HyNote: AI Notebook LLM Notes,11f5e2c1-f6c1-439f-a44d-becb2c453c4a,Bongimpilo Sikhanyisiwe,5,-It Really Work Good I've Gained More Knowledge 😊,1,2025-05-16 15:33:58
ai.notes.notebook,HyNote: AI Notebook LLM Notes,2d1abb84-aa95-412b-a158-31502aa3ae35,Lakisha Sullivan,5,best app ever die my book writing my speech writing script writing studying completely random ideas It will help me organize my notes and thoughts so easy,4,2025-05-14 18:45:07
ai.notes.notebook,HyNote: AI Notebook LLM Notes,8e30c422-8807-4295-9331-aef28da3d2e5,Abdirahman biology,5,one of the best,1,2025-05-14 15:20:09
ai.notes.notebook,HyNote: AI Notebook LLM Notes,10212796-cb45-4658-acbc-0b2adc0b6f84,GERSON ESPINOZA,1,estoy revisando recien,0,2025-05-12 21:35:09
ai.notes.notebook,HyNote: AI Notebook LLM Notes,c74a9b6d-a83c-4cb3-b74e-b98299e9f3ce,Mark Graham,3,"I love the overall app and think its a great producy, however my biggest pet peeve is changing the name from speaker (1 )to a name, it's not cascaded/updated through out the transcript and have to go to each instance of speaker (1) and update the name. Other AI transcriptions do this, why not this one.",9,2025-05-12 14:51:39
ai.notes.notebook,HyNote: AI Notebook LLM Notes,79a37b41-d9a3-4413-a85a-7cab3cd1bd59,Sana Ne,1,you can't do anything without buying premium,3,2025-05-12 12:32:54
ai.notes.notebook,HyNote: AI Notebook LLM Notes,09b0898f-ddce-4bbc-aa77-6864e48e8890,Modise Pholwana,3,first try impressive,1,2025-05-11 16:39:48
ai.notes.notebook,HyNote: AI Notebook LLM Notes,ba68d46e-0a59-4174-bdaf-9769e83cd9e0,Alejandro Núñez,5,amazing,1,2025-05-10 17:16:13
ai.notes.notebook,HyNote: AI Notebook LLM Notes,b1afca98-8c4a-4f59-9b4d-d026aeaebf11,Eva,4,very good so far.,1,2025-05-09 18:32:29
ai.notes.notebook,HyNote: AI Notebook LLM Notes,965a1501-1abd-4698-a51e-70a39a9a07ef,Qattara 054,4,Highly recommend for studying however I recently couldn't upload pdfs which initially wasn't a problem. I would kindly request that you work on that to ensure effectiveness of the app.,2,2025-05-06 04:11:04
ai.notes.notebook,HyNote: AI Notebook LLM Notes,0735c058-e139-4f84-8fac-4b1160d5a244,Jubilant Nworie,1,the payment for me oo is there no other way,3,2025-05-05 18:29:57
ai.notes.notebook,HyNote: AI Notebook LLM Notes,a11f757a-241c-463d-9275-4271bbfd008b,Mmesoma Okwor,1,"it's actually a nice app for every student tho I just had my free trial then trying to purchase it,am having difficulty wish they is another method of purchasing... I would rate it after I try out the features for now I rate it one star",2,2025-05-04 09:19:37
ai.notes.notebook,HyNote: AI Notebook LLM Notes,7ccf19d0-179d-437f-a84c-0b81e0acfa84,Advance Zitha,5,"simple and straightforward like it, I will recommend all matriculats to use it",2,2025-05-03 18:58:43
ai.notes.notebook,HyNote: AI Notebook LLM Notes,ea10439a-825e-418d-868a-070dee5a4c8a,Jeremy Holland,5,"Excellent for everyone with plans and future goals, whatever business your onto this app increases your chances of success in a major way. I'm a eternal supporter. And the world will know about every company, website, and App that participated in my success.",3,2025-05-03 07:38:50
ai.notes.notebook,HyNote: AI Notebook LLM Notes,dfe02542-ad34-4fcc-be98-9266163cac72,Terra Shouse,4,I just opened the app. I actually have no idea what I think yet. 4 stars for now. Star rating is subject to change depending on further usage.,2,2025-05-03 03:31:03
ai.notes.notebook,HyNote: AI Notebook LLM Notes,71ac549f-40b1-4bc0-b762-8cf7a9f0d2c4,Adam william Caelfield,1,"i can't loging, i got error everytime",1,2025-05-02 13:39:52
com.abdelcomapps.memos,Smart Notes - Notes and Lists,fc650b20-3d4d-4bf1-a5bd-de1ae7bb6bff,Mohammad Jahangir,5,Excellent app I appreciate it.,0,2021-12-25 03:45:17
com.abdelcomapps.memos,Smart Notes - Notes and Lists,dd4ef481-1e9b-4eec-a874-a11e9b000b72,M. Latif Chudhery,5,The best I was looking for.,0,2021-11-09 04:27:56
com.zoho.notebook,"Notebook - Notes, To-Do, AI",49b80200-223e-4f74-a111-d01930dd7ddb,LAILESH KUMAR,5,Best app.,0,2026-02-18 10:17:02
com.zoho.notebook,"Notebook - Notes, To-Do, AI",aa5579c8-234c-49b9-989d-010458324a32,Rakesh Chouhan,4,good 👍,0,2026-02-17 18:22:23
com.zoho.notebook,"Notebook - Notes, To-Do, AI",4154cbc5-28d2-45e4-b1c1-183e0cf44101,Joey Pena,5,Good notes app,0,2026-02-17 05:18:02
com.zoho.notebook,"Notebook - Notes, To-Do, AI",451dc20e-7815-4491-9d01-ee334b774d69,Tejaswi Gururaj,5,Very simple to use and has different coloured notes to easily distinguish,0,2026-02-16 12:08:18
com.zoho.notebook,"Notebook - Notes, To-Do, AI",5d2993f6-5980-43ca-8f25-c6607711699d,Motiur Rahman,5,awesome,0,2026-02-15 17:21:18
com.zoho.notebook,"Notebook - Notes, To-Do, AI",fda85fcd-8464-4b82-9792-0cd53eac6374,Golden Kumar,1,i make a note on my pc with same account which account is login in my phone but it didn't see on my phone even i refresh from both side pc and phone but its didn't work so i think its a major problem pls resolve it,0,2026-02-14 15:10:11
com.zoho.notebook,"Notebook - Notes, To-Do, AI",b1ae39ff-2ab8-4d67-b99f-c96069260a1d,Ataur Rahaman Apon,5,nice,0,2026-02-14 11:00:06
com.zoho.notebook,"Notebook - Notes, To-Do, AI",5dd3a670-a326-45d2-9c20-30e81da28aa9,Larry Kennedy,5,Excellent Evernote Alternative. Easy migration. Excellent app!,0,2026-02-14 04:50:44
com.zoho.notebook,"Notebook - Notes, To-Do, AI",f4ca6e0a-a9a4-4a03-a945-b4e94f53cb0b,chaithu2020 Hollywood,5,I like the App than every note app But Please add More new Features,0,2026-02-13 19:51:52
com.zoho.notebook,"Notebook - Notes, To-Do, AI",2e9fb72d-6c42-471b-aa12-56742bde3b2b,Ananda Kharvi,5,good notebook,0,2026-02-13 15:28:03
com.zoho.notebook,"Notebook - Notes, To-Do, AI",2ac408df-cc5b-404e-a7e3-b383271b5f63,Pitambar Jangde,5,very good app 😃,0,2026-02-13 12:26:49
com.zoho.notebook,"Notebook - Notes, To-Do, AI",b6b2664b-1c1b-4768-8a99-34e318c2a170,Bibhuti Nanda,5,beautiful,0,2026-02-12 07:42:38
com.zoho.notebook,"Notebook - Notes, To-Do, AI",246c2532-4a66-4182-9322-a7ca8e693048,Anonymous,1,"I recently bought a subscription, seems like it was my biggest mistake.I purchased a subscription because of its features.But now I'm not able to use it even if I bought the subscription. The team also is just showing as if they are helping Nothing is really happening.I called their support number that number is not existing.so think before u purchase the features might attract u to purchase ,after that they don't give u the service that they promised.",0,2026-02-11 13:10:23
com.zoho.notebook,"Notebook - Notes, To-Do, AI",910c5131-d714-4875-bc41-7f151c7aa785,vbartist digital,5,"2026-02-10 Hi, as announced I'm upgrading again to 5 stars, because you did it indeed : the very efficient search tool is back again => thank you. Zoho Notebook is AGAIN the best note taking App. An EXCELLENT APP. BRAVO + THANX.",0,2026-02-10 23:51:31
com.zoho.notebook,"Notebook - Notes, To-Do, AI",73b2ef88-24b4-4bb4-bc2b-c14fb756111b,Niladri Basari,5,experience is good 👍,0,2026-02-10 19:38:44
com.zoho.notebook,"Notebook - Notes, To-Do, AI",c2e2af3b-8877-4ecd-93b7-30266003a611,Chandana Rathnayaka,5,good,0,2026-02-10 14:18:04
com.zoho.notebook,"Notebook - Notes, To-Do, AI",39cf2875-5317-4e85-bf93-3e6d6aa8568a,BHAVIK JOSHI,5,loved it,0,2026-02-10 12:10:08
com.zoho.notebook,"Notebook - Notes, To-Do, AI",e905a10d-9aeb-43ec-be8b-5b30199b4782,Joyce Nambun,1,how do I make image smaller,0,2026-02-10 04:28:59
com.zoho.notebook,"Notebook - Notes, To-Do, AI",24bbf281-8ace-4dba-8a9b-c60cfec8c958,Aniket,4,"there are no ads but I will recommend to make this app more interactive like adding themes, reminders, cool widgets ,etc.",0,2026-02-08 16:08:45
com.zoho.notebook,"Notebook - Notes, To-Do, AI",f9aff4c5-fcb0-4caf-8e74-c2faeb54367a,Michael Johnson,2,"How do I change the ""covers"" of the notebooks?",0,2026-02-08 16:05:19
com.zoho.notebook,"Notebook - Notes, To-Do, AI",a6226a5e-212c-47bf-a822-f06c205b38f5,Abhijit Pramanik,5,good 👍😊,0,2026-02-08 14:46:56
com.zoho.notebook,"Notebook - Notes, To-Do, AI",3c5805ba-9d27-4ee8-959a-cc125ceabefd,Raynard Joshua Clemente,2,Missing notes. Laggy software.,0,2026-02-08 08:19:38
com.zoho.notebook,"Notebook - Notes, To-Do, AI",8fc06839-bb06-4e36-8971-fe15e249eafe,Sunil Prasad,5,excellent,0,2026-02-07 12:25:07
com.zoho.notebook,"Notebook - Notes, To-Do, AI",3659e447-1d4b-4d95-a38e-07531b4516a2,nova dearest,1,I will be looking for an alternative to this app that does not use AI.,1,2026-02-07 10:06:36
com.zoho.notebook,"Notebook - Notes, To-Do, AI",3952cfdc-8f36-4635-94a5-a0819ed08751,Никита,1,"Horrid, absolutely horrid. You JUST CAN'T(whatever you do) to set keyboard Google android assistant to work in this ...ING app, WHATEVER YOU DO",0,2026-02-06 16:50:05
com.zoho.notebook,"Notebook - Notes, To-Do, AI",5b087691-4893-4ceb-9e81-c95767a0d723,Shiv Murat,1,why notebooks use after login without login useing option add karon. other wise this apps gone out off market using।,0,2026-02-06 14:31:46
com.zoho.notebook,"Notebook - Notes, To-Do, AI",4052a07f-cc3b-487d-a7bd-0be8059a5b4f,Gaurav Kumar,1,We r indian user and you are ignoring us how can we support zoho. When we add any image it add in full size. Please fix it and provide option of resize the image by dragging it's edges like Samsung notes. please sir listen our feedback.,0,2026-02-06 13:52:12
com.zoho.notebook,"Notebook - Notes, To-Do, AI",6afb4435-c1f5-4160-98d7-43b68c2ab6e6,Pandiyaraj D,5,"Although I am currently using several sets of notes, this particular one is among the most effective for me personally.",1,2026-02-06 10:36:36
com.zoho.notebook,"Notebook - Notes, To-Do, AI",00f38f28-ce38-474f-8d0d-7cc660148e7b,Vishal,5,good application,1,2026-02-06 09:50:57
com.zoho.notebook,"Notebook - Notes, To-Do, AI",afe7925c-af0f-488c-b00b-9c308b019851,Poloju Nithin,1,You need to pay for everything and high subscription prices. go for a book if possible or other alternative apps. this is not very useful.,0,2026-02-06 06:14:10
com.zoho.notebook,"Notebook - Notes, To-Do, AI",c7f0996d-62f8-4fde-8ac8-1326763455b5,Dheeraj Kumar,1,Not working properly taking hours to complete sync I made a new account copy paste from old but it's not working properly with a bad experience,0,2026-02-06 03:17:05
com.zoho.notebook,"Notebook - Notes, To-Do, AI",056f841f-4cb1-459c-a323-d8119c94eebd,Aryan pal,5,Good app,0,2026-02-05 21:35:51
com.zoho.notebook,"Notebook - Notes, To-Do, AI",afc4c827-b3cd-44f1-8d98-e2ea1b5411fd,Mohan Vaze,3,Excellent app with lots of interesting features. Good integration with other zoho application. currently as of now the application is freezing frequently. hence reduced the rating. please resolve the issue,0,2026-02-05 15:17:23
com.zoho.notebook,"Notebook - Notes, To-Do, AI",64a6ab2a-66e3-4d91-83be-e4ff366cea93,D K P,4,"Very good app with integration for data import from evernote, onenote and google notes. one area of improvement is that the app screen is hidden on the top and bottom by the mobile menu on Redmi Note Pro 15 and maybe other phones too. so the screen size needs to be worked on. one star reduced for this flaw as navigation becomes a challenge.",0,2026-02-05 03:43:30
com.zoho.notebook,"Notebook - Notes, To-Do, AI",b9dc9de1-43c7-4bb5-8f8a-aa7f8a9e09b5,KING “T.O.N.Y” OFTHECITY,5,"This is perfect for me, I am a free hand writer & this app just made my day...",0,2026-02-04 22:18:07
com.zoho.notebook,"Notebook - Notes, To-Do, AI",bc316058-a007-4082-8cd6-5eb74b5d2d0c,Andrew Fennymore-White,1,Tags seem to barely work if at all. Web links cannot have their name changed. Seems very amateurish. Lightyears from a pay for work application.,0,2026-02-04 20:26:03
com.zoho.notebook,"Notebook - Notes, To-Do, AI",13fdb2db-694e-45d7-bb0c-402b756c21b6,Akash Unadkat,1,"Not Satisfied, Its Complex looking, Not as Good and as simple as Google Keep Notes, and Microsoft OneNote",0,2026-02-04 17:44:12
com.zoho.notebook,"Notebook - Notes, To-Do, AI",501f44dc-51bb-405f-9d83-a0ec06612490,Indrajit De,5,Nice app 👌👌👌,0,2026-02-04 15:46:49
com.zoho.notebook,"Notebook - Notes, To-Do, AI",244765e4-6da1-49fa-b39f-b6c2fee218f7,Shaman Malyankar,5,Awesome Application,0,2026-02-04 10:20:27
com.zoho.notebook,"Notebook - Notes, To-Do, AI",236b776b-0967-41a9-83a8-7db415dee269,Nameeth Nameeth,5,don't use Microsoft notes use this made in india notebook it is very nice,0,2026-02-03 13:36:35
com.zoho.notebook,"Notebook - Notes, To-Do, AI",2197cd90-06c6-4530-8fd2-7a5a1d1b520e,A Google user,1,it's practically unusable on my phone these days,0,2026-02-03 11:14:14
com.zoho.notebook,"Notebook - Notes, To-Do, AI",147e4ddf-5bcb-4641-9d51-4de6d9664dbc,Phoenix Ashworth,5,my go to app,0,2026-02-03 00:36:36
com.zoho.notebook,"Notebook - Notes, To-Do, AI",5afa3b51-b57c-487b-9cbe-6baec948b2cd,john singhour,1,rubbish,0,2026-02-02 22:23:11
com.zoho.notebook,"Notebook - Notes, To-Do, AI",30974226-6ca9-4cd3-82a6-45f1cec7c2ac,Marni H,5,"I looked for an Evernote alternate for a couple years. Their essentially basic features - $249. This - $25. Transferring notes is magic! There is literally a Migrate from Evernote option in the settings. 😭 Didn't bring in all, but MOST! (3000+ notes) Uploading covers for notebooks is an awesome feature. On my phone, I had to add spaces between words, but Zoho helped. To fix that, Settings - Notes - turn on predictive text.",5,2026-02-02 20:10:39
com.zoho.notebook,"Notebook - Notes, To-Do, AI",98de037b-9eeb-4a2f-9341-6800503255a5,Deepak yadav,5,good,0,2026-02-02 07:51:26
com.zoho.notebook,"Notebook - Notes, To-Do, AI",9f301023-5b86-4e86-887a-adb2ade85abf,C H,5,"For some reason, several of my files are corrupted. It says I need to update the app, but when I go to do so, it is fully updated. Anyway that I can fix this? Love this app- it is the best notebook app I have ever had. Just the file thing makes me a bit bummed out.",185,2026-02-01 22:09:47
com.zoho.notebook,"Notebook - Notes, To-Do, AI",17d50a13-2299-48f1-a828-2349a2346833,Subham Purohit,5,"made in India,made for India",0,2026-01-31 21:36:33
com.zoho.notebook,"Notebook - Notes, To-Do, AI",3218f77e-429a-4f5f-9af7-e159a2e23c64,Saurav Kumar,5,अद्भुत उपयोगकर्ता अनुभव,0,2026-01-31 03:18:03
com.zoho.notebook,"Notebook - Notes, To-Do, AI",671bec7f-45e8-43d1-b97f-2cc559e4af3f,Shubhankar Barman,5,"very useful , I am really proud of this app",0,2026-01-30 16:51:38
com.zoho.notebook,"Notebook - Notes, To-Do, AI",850e9bb5-0a45-4e5b-a538-e589931712ea,Pradeep,5,"Easy to use, very productive and useful features. Too good and worthy app for a mobile",0,2026-01-30 16:32:14
com.zoho.notebook,"Notebook - Notes, To-Do, AI",4dd060ed-8885-4b40-bb6a-c0394918a876,Fon Fritz,5,How do I send notes to my Google drive account,0,2026-01-28 09:36:51
com.zoho.notebook,"Notebook - Notes, To-Do, AI",0d44fa97-5b0d-4c56-9a97-1c23d14a58fa,Saqr LZ,3,Please fix the note title blurring when the note is locked. How do we know which note we need to open if there is no title visible.,0,2026-01-28 07:18:15
com.zoho.notebook,"Notebook - Notes, To-Do, AI",553a7e16-f5eb-40bc-9309-94bc496e1c92,Prakhar Goyal,4,"Please consider changing the current Android widgets back to the older version. Earlier, the widget allowed us to open the app directly and create any type of document—notes, checklists, images, or recordings—with ease. With the new widget, the app does not open directly, and we are unable to create a new checklist from the widget itself, which affects usability and productivity. Kindly revert to the older widget functionality. Apart from this issue, the app is excellent and remains the best.",0,2026-01-28 04:36:52
com.zoho.notebook,"Notebook - Notes, To-Do, AI",4b64c426-5194-4ac4-a25a-35fa6ac9f6ba,Suraj Tiwari,4,best app for all,0,2026-01-28 01:58:48
com.zoho.notebook,"Notebook - Notes, To-Do, AI",bb621822-51fa-4302-b546-52350deb2406,Tribhu Dasa,1,"works well in laptop, not in mobile",1,2026-01-27 15:55:59
com.zoho.notebook,"Notebook - Notes, To-Do, AI",6075276e-2942-4898-acde-0b9a3daf1b92,Noobra bhai gaming,5,this app is awesome,0,2026-01-27 15:27:50
com.zoho.notebook,"Notebook - Notes, To-Do, AI",3be6f771-8f34-408e-95e6-bf9cd7b5b9fd,Sandip Rakesh,5,Very nice app,0,2026-01-27 14:09:34
com.zoho.notebook,"Notebook - Notes, To-Do, AI",37a192e5-e94c-43e5-b99f-ee0420d7617d,olufunmi C,4,very great app,0,2026-01-27 08:31:28
com.zoho.notebook,"Notebook - Notes, To-Do, AI",a11f9788-b616-4f0f-8807-788c82043baa,Monir Hosen,5,I like this apps check know everyone,0,2026-01-27 01:21:45
com.zoho.notebook,"Notebook - Notes, To-Do, AI",8e85880b-a884-4905-8693-1abe8bb52795,Jay Brown,5,Notebook is a life saver. I have used this app for years. It has been so easy to keep up with bills I have paid and ones that I need to. This app is awesome!,0,2026-01-26 17:20:09
com.zoho.notebook,"Notebook - Notes, To-Do, AI",5e9b5041-b490-4c72-a632-6dc4889d8748,George eAgLe,1,"Widget disappeared from screen mysteriously. When re-added, it no longer works. I'm using Nova Prime Launcher latest paid version. After many years I've uninstalled it and am using a different app.",6,2026-01-26 07:27:49
com.zoho.notebook,"Notebook - Notes, To-Do, AI",1b356041-9175-4eca-b84e-545661f732cd,Linda Kim,3,"Reduced to 3 stars because the search option doesn't work consistently anymore. Original 5 star Review: This app can customise notebook covers, create notebook or note card shortcuts for your home screen for quick, easy, frequent access. The key word search option is also makes this app the best one I used. Thanks!",1,2026-01-25 18:46:13
com.zoho.notebook,"Notebook - Notes, To-Do, AI",469f775d-4889-4d91-99ce-2e9299eb3056,Sneha Tamhankar,4,"Thanks for the update. If copied and pasted something from.the net, a new note used to have dark background, the issue is resolved now in the latest update👍",0,2026-01-25 16:24:28
com.zoho.notebook,"Notebook - Notes, To-Do, AI",ec6e5092-6322-47c4-8b99-2616d0136c81,Ajith R,5,good app,0,2026-01-25 05:49:25
com.zoho.notebook,"Notebook - Notes, To-Do, AI",371effad-a2f5-4597-9710-34ffddc8353d,Dinesh Kumar Behera,5,excelent app,0,2026-01-25 05:04:41
com.zoho.notebook,"Notebook - Notes, To-Do, AI",278d6eeb-6147-48a5-afd1-dfd466025cd0,Amar Prajapati,3,"I used Microsoft OneNote for almost 12 years....but when i found Zoho Notebook..i immediately moved my notes here but...i find 2 most common issues....kondly fix them to make it work flaless: 1) No Pgae Zoom in and out option, why is thia feature missing????? 2) Slow to load ki dly fix them..",0,2026-01-25 04:50:42
com.zoho.notebook,"Notebook - Notes, To-Do, AI",bb0e08dc-c507-428d-9bd6-389ceb881ddf,Aurora Lopez,5,My go to notes app!! so easy and practical! I love the way I can organise notes and voice notes into folders.,0,2026-01-24 19:26:50
com.zoho.notebook,"Notebook - Notes, To-Do, AI",c63fe288-5218-45ae-82ac-867fe6d60738,Pradeep Chandar,3,It's very buggy. I regret moving from color note and buying premium here. The organization of notes itself is not good. Sort feature works only once. You need to frequently hit sort to sort. Images we chose don't appear often. It seems too much for a simple note taking app.,0,2026-01-24 03:04:30
com.zoho.notebook,"Notebook - Notes, To-Do, AI",c11b2175-176e-436f-b801-41f08b8de315,Pigeon,1,"Thanks for the email but Id rather try the app, even if its only local. Might not like layout after trying. The no sign up is what I like about other Zoho products, id rather sign up after testing and know ill like the product. Requires email sign up before you can try. I dont know if this has the features id like, but I dont want to sign up for something and then find out it doesnt.",0,2026-01-23 21:27:42
com.zoho.notebook,"Notebook - Notes, To-Do, AI",713b8bce-333f-4a72-a9fb-f6cbaf8ee9f5,Jay Ram's,5,very good easy to use ads free,0,2026-01-23 18:20:58
com.zoho.notebook,"Notebook - Notes, To-Do, AI",d1ffcb92-a9c1-4e7d-bcaf-956094a01035,Yogender kumar योगेंद्र कुमार,5,excellent,0,2026-01-23 15:08:41
com.zoho.notebook,"Notebook - Notes, To-Do, AI",7ebede67-222a-4cd8-b230-27f3ccd456fd,Manas Paul,1,Please make it user friendly and smooth. I am writing something in a particular place. It shows another thing in particular place. Full of Bugs.,0,2026-01-23 12:48:04
com.zoho.notebook,"Notebook - Notes, To-Do, AI",54e521f4-e972-4533-a1b3-600f448a1046,Manas,5,remainder kavhi kam nhi karta.,0,2026-01-23 01:41:45
com.zoho.notebook,"Notebook - Notes, To-Do, AI",11b0eea9-48b3-475c-bfc7-427e1373358c,Ben Chrissanto,1,The search feature is terrible.,0,2026-01-22 06:43:45
com.zoho.notebook,"Notebook - Notes, To-Do, AI",913b6127-79e4-4f29-b81b-e0b1d4b0a5c0,AKASH MANNA,4,no doubt it's a good note taking app from an Indian company,0,2026-01-21 12:40:12
com.zoho.notebook,"Notebook - Notes, To-Do, AI",8a866130-a0ee-45b3-a307-99afb6aab3b5,C. D. Johnson,3,"Been loving this app but since the last update, they've removed the ability to choose which kind of note before hand, taking away its best feature in my opinion.",0,2026-01-21 09:54:24
com.zoho.notebook,"Notebook - Notes, To-Do, AI",7c1466eb-be7a-42aa-83d4-12df455ee010,Vlad Levickij,2,"As always, no one deemed necessary to conduct proper UI/UX testing of the update. The widget with notes used to open the app on the notebook icon tap. Not now. As if there were not enough functional and performance bugs in the first place.",0,2026-01-20 13:39:35
com.zoho.notebook,"Notebook - Notes, To-Do, AI",e9b6f003-7ef0-46bf-855e-5ce83c95310d,Nomi Storm,1,"So you have to pay a monthly subscription fee in order to set reminders, which is pretty ridiculous. If it was a one-off payment, I might have considered it.",1,2026-01-20 10:49:55
com.zoho.notebook,"Notebook - Notes, To-Do, AI",c049dcf5-7ad6-48b3-b41b-d4572624b32b,Kriti Tandon,5,"This is exactly I was looking for. I am using this as my personal diary. I can make the notes the way I want. it's useful, convenient and secure.",0,2026-01-19 21:27:58
com.zoho.notebook,"Notebook - Notes, To-Do, AI",45ec89a8-1209-45f7-88f4-8c804447ec6e,Doddi. Pulikonda,5,Sir Update Note When Created To note photo With Texts And Also Please Provide Text Edit and Add text and photos,0,2026-01-19 18:37:12
com.zoho.notebook,"Notebook - Notes, To-Do, AI",afe20c13-4c80-4050-9414-2f9d6dbcdbc1,Ram Pathak,5,This app works very well and is easy to use and interesting.,0,2026-01-19 15:34:58
com.zoho.notebook,"Notebook - Notes, To-Do, AI",eda90b31-11a6-4f32-9e4a-4b1627071818,Dinesh Sahay,5,"Its easy to save pictures, videos and documents.",0,2026-01-19 02:03:31
com.zoho.notebook,"Notebook - Notes, To-Do, AI",6771ad92-a989-48b1-98bb-4cc90cf4ee62,Anurag Sirohia,5,plz add the sticky notes feature for the home screen or app listing screen so we quickly find n write short time notes and remove after use,0,2026-01-18 20:42:53
com.zoho.notebook,"Notebook - Notes, To-Do, AI",9496fe8c-38f5-4057-8df5-6242022bef9a,bruh,1,"ive been using this app for around 6-7 years and im disappointed when i just updated it today, why is it that the Custom notebook cover, which was a free feature back then by the way, became a premiun feature?? :// literally very unnecessary, that was genuinely the reason why i use this app and now its taken away, are yall fr?",1,2026-01-18 16:49:07
com.zoho.notebook,"Notebook - Notes, To-Do, AI",f956013b-238b-40ad-b564-0e388ce18812,Damilola Adegbenro,5,The best Note book ever,0,2026-01-18 08:54:33
com.zoho.notebook,"Notebook - Notes, To-Do, AI",b2f208e4-1b25-4070-80b8-df7fc709e6dc,Я ненавижу себя.,5,its actually really good whenever I'm trying to take some notes whenever exams close. so it really deserves a 5 star rating. it lags a bit but that's bcz of my old phone. great job developers.,0,2026-01-17 16:30:21
com.zoho.notebook,"Notebook - Notes, To-Do, AI",6e405620-936c-4de7-a6cd-514e82c918d9,Netted Blonde,5,"All those screen shots are organized here and I can locate them and free up photo space, even recipes and quotes.",3,2026-01-17 14:57:40
com.zoho.notebook,"Notebook - Notes, To-Do, AI",7d3d9183-5024-4c8c-bf16-d247d1f5331d,shreyas tp,5,superb software . please dont make it paid,0,2026-01-17 04:10:45
com.zoho.notebook,"Notebook - Notes, To-Do, AI",af218651-512b-4333-9835-22137ae3beb7,R Thendral Vanan Ravi,4,Amazing app to use,0,2026-01-16 14:23:34
com.zoho.notebook,"Notebook - Notes, To-Do, AI",50c3cbf1-1bcf-4e28-89eb-f490073be9a9,Patrick Repentance Ekhorutomwen,5,Nice...,0,2026-01-16 13:06:44
com.zoho.notebook,"Notebook - Notes, To-Do, AI",6fae7d1f-432c-4111-9c13-7e6cf7a2eadb,StarYoshi,1,"Don't use this app if you're new. They take away features thst use go be free, and lock them behind a subscription.",0,2026-01-16 06:16:13
com.zoho.notebook,"Notebook - Notes, To-Do, AI",3535e12e-c823-4183-8f8e-33b18a91701f,Shania E. Janeway (Noonie),5,"I've used this app as my main note taking app, & absolutely love it. you can create multiple journals, customize them, and group your notes /organize your notes. also let's you be able to back them up so they get saved... & also by creating your own account through it, it all stays saved onto your profile & account. I will always use this app !!",4,2026-01-16 04:05:18
com.zoho.notebook,"Notebook - Notes, To-Do, AI",243670c4-9144-4159-9300-e126ac9a08f4,Kristy O,1,"This app is so bad. It used to work fine but now I can't even open my notes, it constantly crashes and it starts lagging. Very frustrating, slow, non responsive. THE WORST 😪",0,2026-01-15 20:40:35
com.zoho.notebook,"Notebook - Notes, To-Do, AI",7bc22fb6-2572-4132-a6e7-67f8e8cd7bb6,Rajat Maurya,5,everything is better than other notebook app,0,2026-01-15 12:46:58
com.zoho.notebook,"Notebook - Notes, To-Do, AI",bb0f8407-52b2-42d6-b776-29cbdae31260,Victoria D,3,"Was an avid user of the notebook but now unable to edit some notes on android (tried to uninstall crashing webview as mitigation but failed), via Windows app or via browser. Don't understand why there's absolute failure on some and no issue on others. Newly created copies of these problematic notes are editable though.",1,2026-01-15 04:58:51
com.zoho.notebook,"Notebook - Notes, To-Do, AI",645edc6e-d6bf-4c60-ab4f-cc7902b93da0,Vijaykumar Tukaram,1,"Not supporting nesting of folders, Samsung Notes is the best free app for those who have a Samsung mobile.",0,2026-01-15 02:29:32
com.zoho.notebook,"Notebook - Notes, To-Do, AI",c9b0594b-cf93-4a4c-9bec-94843e7265b8,Pratyush Singh,3,It's UI needs to be uodated. there is no margin at the botton which makes it diffficult to write at botton. There should be option of intendation when creating a numbered list. Better background should be introduced.,0,2026-01-14 18:56:57
com.zoho.notebook,"Notebook - Notes, To-Do, AI",23061cb7-c524-482a-952a-62f3ce5d41dd,Praveen Kumar,5,good for note taking,0,2026-01-13 12:53:23
com.zoho.notebook,"Notebook - Notes, To-Do, AI",cfc1abf3-73aa-4fbf-b57d-dbd0869fbde5,Byri Ganesh,4,good lock 🔒 option also available,0,2026-01-13 12:38:06
com.zoho.notebook,"Notebook - Notes, To-Do, AI",24cda1fd-7e1a-4cb6-b162-afaa5c279fc9,Hasan Nasr,5,Excellent app with rich features.,0,2026-01-13 10:53:06
com.pradip.notebookai,Notebook AI,c30dab07-2e86-4156-bb8a-9697136e792e,Ephraim Habtamu,5,Best notebook app keep it ☝️ just try to add features the enable it - to write mathematical formulas - to include image in note,0,2026-01-12 19:31:58
com.pradip.notebookai,Notebook AI,724a3906-4d7c-43b6-89a3-fc6605baf6ee,ALIEN ZODIAC,5,currently new installed should have powdered with html file + google docs link + store for any ai file that synthesis from ant ai talking or app + pdf + photo cloude synk + device ram optimization,0,2025-11-15 01:43:09
com.pradip.notebookai,Notebook AI,259e9588-4719-4d17-aca7-c973ea4a1d9b,shah Dainik,5,Nice application,0,2025-11-06 19:10:57
